"country","year","unemployment_rate"
"ALB",1980,5
"ALB",1981,4.2
"ALB",1982,2.8
"ALB",1983,3.3
"ALB",1984,4.4
"ALB",1985,5.9
"ALB",1986,5.4
"ALB",1987,5.2
"ALB",1988,6
"ALB",1989,6.7
"ALB",1990,8.5
"ALB",1991,8.9
"ALB",1992,26.5
"ALB",1993,22.3
"ALB",1994,18.4
"ALB",1995,12.9
"ALB",1996,12.3
"ALB",1997,14.9
"ALB",1998,17.7
"ALB",1999,18.4
"ALB",2000,16.8
"ALB",2001,16.4
"ALB",2002,15.8
"ALB",2003,15
"ALB",2004,14.4
"ALB",2005,14.1
"ALB",2006,13.8
"ALB",2007,13.4
"ALB",2008,13.1
"ALB",2009,13.8
"ALB",2010,14
"ALB",2011,14
"ALB",2012,13.4
"ALB",2013,15.9
"ALB",2014,17.5
"ALB",2015,17.1
"ALB",2016,15.2
"ALB",2017,13.7
"ALB",2018,12.3
"ALB",2019,11.5
"ALB",2020,11.7
"ALB",2021,11.5
"ALB",2022,10.9
"ALB",2023,10.7
"ALB",2024,10.7
"ALB",2025,10.7
"ALB",2026,10.7
"ALB",2027,10.7
"ALB",2028,10.7
"ALB",2029,10.7
"DZA",1980,15.8
"DZA",1981,15.4
"DZA",1982,15
"DZA",1983,14.3
"DZA",1984,16.5
"DZA",1985,16.9
"DZA",1986,18.4
"DZA",1987,20.1
"DZA",1988,21.8
"DZA",1989,18.1
"DZA",1990,19.8
"DZA",1991,20.3
"DZA",1992,21.4
"DZA",1993,23.2
"DZA",1994,24.4
"DZA",1995,28.1
"DZA",1996,28
"DZA",1997,28
"DZA",1998,28
"DZA",1999,29.3
"DZA",2000,29.5
"DZA",2001,27.3
"DZA",2002,25.7
"DZA",2003,23.7
"DZA",2004,17.7
"DZA",2005,15.3
"DZA",2006,12.5
"DZA",2007,13.8
"DZA",2008,11.3
"DZA",2009,10.2
"DZA",2010,10
"DZA",2011,10
"DZA",2012,11
"DZA",2013,9.8
"DZA",2014,10.6
"DZA",2015,11.2
"DZA",2016,10.5
"DZA",2017,11.7
"DZA",2018,11.7
"DZA",2019,11.4
"ARG",1980,3
"ARG",1981,5
"ARG",1982,4.5
"ARG",1983,5
"ARG",1984,5
"ARG",1985,6.2
"ARG",1986,6.3
"ARG",1987,6
"ARG",1988,6.5
"ARG",1989,8
"ARG",1990,7.6
"ARG",1991,6.5
"ARG",1992,7.1
"ARG",1993,11.6
"ARG",1994,13.3
"ARG",1995,18.9
"ARG",1996,18.8
"ARG",1997,16.8
"ARG",1998,14.8
"ARG",1999,16.1
"ARG",2000,17.1
"ARG",2001,19.2
"ARG",2002,22.5
"ARG",2003,17.3
"ARG",2004,13.6
"ARG",2005,11.6
"ARG",2006,10.2
"ARG",2007,8.5
"ARG",2008,7.9
"ARG",2009,8.7
"ARG",2010,7.8
"ARG",2011,7.2
"ARG",2012,7.2
"ARG",2013,7.1
"ARG",2014,7.3
"ARG",2015,6.5
"ARG",2016,8.5
"ARG",2017,8.4
"ARG",2018,9.2
"ARG",2019,9.8
"ARG",2020,11.6
"ARG",2021,8.8
"ARG",2022,6.8
"ARG",2023,6.1
"ARG",2024,8.2
"ARG",2025,7.6
"ARG",2026,7.2
"ARG",2027,7
"ARG",2028,7
"ARG",2029,7
"ARM",2001,38.4
"ARM",2002,35.3
"ARM",2003,31.2
"ARM",2004,31.6
"ARM",2005,31.2
"ARM",2006,27.8
"ARM",2007,28.7
"ARM",2008,16.4
"ARM",2009,18.7
"ARM",2010,19
"ARM",2011,18.4
"ARM",2012,17.3
"ARM",2013,16.2
"ARM",2014,17.6
"ARM",2015,18.5
"ARM",2016,18
"ARM",2017,17.8
"ARM",2018,19
"ARM",2019,18.3
"ARM",2020,18.2
"ARM",2021,15.5
"ARM",2022,13.5
"ARM",2023,12.6
"ARM",2024,13
"ARM",2025,13.5
"ARM",2026,14
"ARM",2027,14
"ARM",2028,14
"ARM",2029,14
"ABW",1991,6.1
"ABW",1992,6.4
"ABW",1993,6
"ABW",1994,5.1
"ABW",1995,6
"ABW",1996,7.2
"ABW",1997,6.2
"ABW",1998,3.3
"ABW",1999,4.8
"ABW",2000,6.9
"ABW",2001,6.5
"ABW",2002,8.1
"ABW",2003,11.4
"ABW",2004,9.5
"ABW",2005,8.8
"ABW",2006,9.3
"ABW",2007,5.7
"ABW",2008,6.9
"ABW",2009,10.3
"ABW",2010,10.6
"ABW",2011,8.9
"ABW",2012,9.6
"ABW",2013,7.6
"ABW",2014,7.5
"ABW",2015,7.3
"ABW",2016,7.7
"ABW",2017,8.9
"ABW",2018,7.3
"ABW",2019,5.2
"ABW",2020,8.6
"ABW",2021,8.8
"ABW",2022,6.6
"ABW",2023,4
"ABW",2024,3.9
"ABW",2025,5
"ABW",2026,6.1
"ABW",2027,6.1
"ABW",2028,6.1
"ABW",2029,6.1
"AUS",1980,6.1
"AUS",1981,5.8
"AUS",1982,7.2
"AUS",1983,10
"AUS",1984,9
"AUS",1985,8.3
"AUS",1986,8.1
"AUS",1987,8.1
"AUS",1988,7.2
"AUS",1989,6.1
"AUS",1990,6.9
"AUS",1991,9.6
"AUS",1992,10.7
"AUS",1993,10.9
"AUS",1994,9.7
"AUS",1995,8.5
"AUS",1996,8.5
"AUS",1997,8.4
"AUS",1998,7.7
"AUS",1999,6.9
"AUS",2000,6.3
"AUS",2001,6.8
"AUS",2002,6.4
"AUS",2003,5.9
"AUS",2004,5.4
"AUS",2005,5
"AUS",2006,4.8
"AUS",2007,4.4
"AUS",2008,4.3
"AUS",2009,5.6
"AUS",2010,5.2
"AUS",2011,5.1
"AUS",2012,5.2
"AUS",2013,5.7
"AUS",2014,6.1
"AUS",2015,6.1
"AUS",2016,5.7
"AUS",2017,5.6
"AUS",2018,5.3
"AUS",2019,5.2
"AUS",2020,6.5
"AUS",2021,5.1
"AUS",2022,3.7
"AUS",2023,3.7
"AUS",2024,4.1
"AUS",2025,4.4
"AUS",2026,4.5
"AUS",2027,4.5
"AUS",2028,4.5
"AUS",2029,4.5
"AUT",1980,1.6
"AUT",1981,2.2
"AUT",1982,3.1
"AUT",1983,3.7
"AUT",1984,3.8
"AUT",1985,3.6
"AUT",1986,3.1
"AUT",1987,3.8
"AUT",1988,2.7
"AUT",1989,2.3
"AUT",1990,2.7
"AUT",1991,3.2
"AUT",1992,3.3
"AUT",1993,4
"AUT",1994,3.9
"AUT",1995,4.2
"AUT",1996,4.7
"AUT",1997,4.8
"AUT",1998,4.7
"AUT",1999,4.1
"AUT",2000,3.9
"AUT",2001,4
"AUT",2002,4.4
"AUT",2003,4.8
"AUT",2004,5.9
"AUT",2005,6
"AUT",2006,5.6
"AUT",2007,5.2
"AUT",2008,4.4
"AUT",2009,5.7
"AUT",2010,5.2
"AUT",2011,4.9
"AUT",2012,5.2
"AUT",2013,5.4
"AUT",2014,6
"AUT",2015,6.2
"AUT",2016,6.5
"AUT",2017,5.9
"AUT",2018,5.2
"AUT",2019,4.8
"AUT",2020,5.5
"AUT",2021,6.2
"AUT",2022,4.7
"AUT",2023,5.1
"AUT",2024,5.6
"AUT",2025,5.6
"AUT",2026,5.3
"AUT",2027,5
"AUT",2028,4.9
"AUT",2029,4.9
"AZE",2000,11.8
"AZE",2001,10.9
"AZE",2002,10
"AZE",2003,9.2
"AZE",2004,8
"AZE",2005,7.3
"AZE",2006,6.6
"AZE",2007,6.3
"AZE",2008,5.9
"AZE",2009,5.7
"AZE",2010,5.6
"AZE",2011,5.4
"AZE",2012,5.2
"AZE",2013,5
"AZE",2014,4.9
"AZE",2015,5
"AZE",2016,5
"AZE",2017,5
"AZE",2018,4.9
"AZE",2019,5
"AZE",2020,7.2
"AZE",2021,6
"AZE",2022,5.6
"AZE",2023,5.5
"AZE",2024,5.4
"AZE",2025,5.3
"AZE",2026,5.3
"AZE",2027,5.2
"AZE",2028,5.2
"AZE",2029,5.1
"BHS",1986,12.2
"BHS",1987,11.5
"BHS",1988,11
"BHS",1989,11.7
"BHS",1990,12
"BHS",1991,12.3
"BHS",1992,14.8
"BHS",1993,13.1
"BHS",1994,13.3
"BHS",1995,10.9
"BHS",1996,11.5
"BHS",1997,9.8
"BHS",1998,7.7
"BHS",1999,7.8
"BHS",2000,7
"BHS",2001,6.9
"BHS",2002,9.1
"BHS",2003,10.8
"BHS",2004,10.2
"BHS",2005,10.2
"BHS",2006,7.6
"BHS",2007,7.9
"BHS",2008,8.7
"BHS",2009,14.2
"BHS",2010,15.1
"BHS",2011,15.9
"BHS",2012,14.4
"BHS",2013,15.8
"BHS",2014,14.6
"BHS",2015,13.4
"BHS",2016,12.2
"BHS",2017,10.1
"BHS",2018,10.4
"BHS",2019,10.1
"BHS",2020,26.2
"BHS",2021,17.6
"BHS",2022,10.8
"BHS",2023,10.2
"BHS",2024,10
"BHS",2025,9.8
"BHS",2026,9.7
"BHS",2027,9.6
"BHS",2028,9.5
"BHS",2029,9.5
"BHR",2007,5.6
"BHR",2008,3.7
"BHR",2009,4
"BHR",2010,3.6
"BHR",2011,4
"BHR",2012,3.7
"BHR",2013,4.3
"BHR",2014,3.8
"BHR",2015,3.5
"BHR",2016,4.3
"BHR",2017,4.1
"BHR",2018,4.3
"BHR",2019,4.7
"BHR",2020,5.9
"BHR",2021,6.8
"BHR",2022,5.4
"BHR",2023,6.3
"BRB",1981,10.8
"BRB",1982,13.6
"BRB",1983,14.9
"BRB",1984,17
"BRB",1985,18.6
"BRB",1986,17.7
"BRB",1987,17.9
"BRB",1988,17.1
"BRB",1989,15.2
"BRB",1990,14.9
"BRB",1991,17.2
"BRB",1992,22.9
"BRB",1993,24.4
"BRB",1994,21.8
"BRB",1995,19.6
"BRB",1996,15.8
"BRB",1997,14.6
"BRB",1998,12.2
"BRB",1999,10.4
"BRB",2000,9.4
"BRB",2001,9.9
"BRB",2002,10.3
"BRB",2003,11
"BRB",2004,9.6
"BRB",2005,9.1
"BRB",2006,8.7
"BRB",2007,7.4
"BRB",2008,8.1
"BRB",2009,10
"BRB",2010,10.3
"BRB",2011,11.2
"BRB",2012,11.5
"BRB",2013,11.6
"BRB",2014,12.3
"BRB",2015,11.3
"BRB",2016,9.7
"BRB",2017,10
"BRB",2018,10.1
"BRB",2019,10.1
"BRB",2020,15.7
"BRB",2021,14.1
"BRB",2022,8.2
"BRB",2023,8.2
"BRB",2024,7.9
"BRB",2025,7.9
"BRB",2026,7.7
"BRB",2027,7.7
"BRB",2028,7.7
"BRB",2029,7.7
"BLR",1993,6.3
"BLR",1994,6.9
"BLR",1995,7.7
"BLR",1996,8.8
"BLR",1997,7.6
"BLR",1998,7.2
"BLR",1999,6.9
"BLR",2000,7
"BLR",2001,7.1
"BLR",2002,7.5
"BLR",2003,7.9
"BLR",2004,7.3
"BLR",2005,6.6
"BLR",2006,6.3
"BLR",2007,6
"BLR",2008,5.8
"BLR",2009,5.8
"BLR",2010,5.7
"BLR",2011,5.6
"BLR",2012,5.5
"BLR",2013,5.4
"BLR",2014,5.4
"BLR",2015,5.8
"BLR",2016,5.9
"BLR",2017,5.7
"BLR",2018,4.8
"BLR",2019,4.2
"BLR",2020,4.1
"BLR",2021,3.9
"BLR",2022,3.6
"BLR",2023,3.5
"BLR",2024,3
"BLR",2025,2.9
"BLR",2026,2.9
"BLR",2027,2.9
"BLR",2028,2.9
"BLR",2029,2.9
"BEL",1980,8.3
"BEL",1981,10
"BEL",1982,11.5
"BEL",1983,10.7
"BEL",1984,10.8
"BEL",1985,10.1
"BEL",1986,10.1
"BEL",1987,9.8
"BEL",1988,8.8
"BEL",1989,7.4
"BEL",1990,6.6
"BEL",1991,6.5
"BEL",1992,7.1
"BEL",1993,8.6
"BEL",1994,9.8
"BEL",1995,9.7
"BEL",1996,9.6
"BEL",1997,9.2
"BEL",1998,9.3
"BEL",1999,8.4
"BEL",2000,6.9
"BEL",2001,6.6
"BEL",2002,7.5
"BEL",2003,8.2
"BEL",2004,8.4
"BEL",2005,8.5
"BEL",2006,8.3
"BEL",2007,7.5
"BEL",2008,7
"BEL",2009,8
"BEL",2010,8.4
"BEL",2011,7.2
"BEL",2012,7.6
"BEL",2013,8.6
"BEL",2014,8.7
"BEL",2015,8.7
"BEL",2016,7.8
"BEL",2017,7.1
"BEL",2018,6
"BEL",2019,5.4
"BEL",2020,5.6
"BEL",2021,6.3
"BEL",2022,5.6
"BEL",2023,5.5
"BEL",2024,5.7
"BEL",2025,5.7
"BEL",2026,5.6
"BEL",2027,5.5
"BEL",2028,5.7
"BEL",2029,5.7
"BLZ",1990,15
"BLZ",1991,14
"BLZ",1992,12
"BLZ",1993,10
"BLZ",1994,9
"BLZ",1995,12.5
"BLZ",1996,13.8
"BLZ",1997,12.7
"BLZ",1998,14.3
"BLZ",1999,12.8
"BLZ",2000,11.4
"BLZ",2001,11.4
"BLZ",2002,10
"BLZ",2003,12.9
"BLZ",2004,11.6
"BLZ",2005,11
"BLZ",2006,9.4
"BLZ",2007,10.3
"BLZ",2008,8.2
"BLZ",2009,12.8
"BLZ",2010,18.5
"BLZ",2011,16.7
"BLZ",2012,15.3
"BLZ",2013,12.9
"BLZ",2014,11.6
"BLZ",2015,10.1
"BLZ",2016,9.5
"BLZ",2017,9.3
"BLZ",2018,9.4
"BLZ",2019,9
"BLZ",2020,13.7
"BLZ",2021,10.2
"BLZ",2022,6.1
"BLZ",2023,3.4
"BLZ",2024,3.4
"BLZ",2025,3.4
"BLZ",2026,3.4
"BLZ",2027,3.4
"BLZ",2028,3.4
"BLZ",2029,3.4
"BTN",2003,1.8
"BTN",2004,2.5
"BTN",2005,3.1
"BTN",2006,3.2
"BTN",2007,3.7
"BTN",2008,3.9
"BTN",2009,4
"BTN",2010,3.3
"BTN",2011,3.1
"BTN",2012,2.1
"BTN",2013,2.9
"BTN",2014,2.6
"BTN",2015,2.5
"BTN",2016,2.1
"BTN",2017,3.1
"BTN",2018,3.4
"BTN",2019,2.7
"BTN",2020,5
"BTN",2021,4.8
"BTN",2022,5.9
"BTN",2023,3.5
"BOL",2000,7.5
"BOL",2001,8.5
"BOL",2002,8.7
"BOL",2003,8.7
"BOL",2004,8.4
"BOL",2005,8.1
"BOL",2006,8
"BOL",2007,7.7
"BOL",2008,4.4
"BOL",2009,4.9
"BOL",2010,4.4
"BOL",2011,3.8
"BOL",2012,3.2
"BOL",2013,4
"BOL",2014,4
"BOL",2015,4.6
"BOL",2016,4.7
"BOL",2017,5.1
"BOL",2018,4.9
"BOL",2019,5
"BOL",2020,8.3
"BOL",2021,6.9
"BOL",2022,4.7
"BOL",2023,4.9
"BOL",2024,5
"BOL",2025,5.1
"BOL",2026,5.1
"BOL",2027,5.2
"BOL",2028,5.2
"BOL",2029,5.2
"BIH",1995,70
"BIH",1996,50
"BIH",1997,32.3
"BIH",1998,29.3
"BIH",1999,31.1
"BIH",2000,31.1
"BIH",2001,31.1
"BIH",2002,31.1
"BIH",2003,31.1
"BIH",2004,31.1
"BIH",2005,31.1
"BIH",2006,31.1
"BIH",2007,29
"BIH",2008,23.4
"BIH",2009,24.1
"BIH",2010,27.2
"BIH",2011,27.6
"BIH",2012,28
"BIH",2013,27.5
"BIH",2014,27.5
"BIH",2015,27.7
"BIH",2016,25.4
"BIH",2017,20.5
"BIH",2018,18.4
"BIH",2019,15.7
"BIH",2020,15.9
"BIH",2021,17.4
"BIH",2022,15.4
"BIH",2023,13.2
"BIH",2024,13.2
"BIH",2025,13.2
"BIH",2026,13.2
"BIH",2027,13.2
"BIH",2028,13.2
"BIH",2029,13.2
"BRA",1991,6.4
"BRA",1992,6.4
"BRA",1993,6
"BRA",1994,6.5
"BRA",1995,7.1
"BRA",1996,8
"BRA",1997,9
"BRA",1998,10.1
"BRA",1999,11.1
"BRA",2000,10.5
"BRA",2001,10.6
"BRA",2002,10.6
"BRA",2003,11.2
"BRA",2004,10.1
"BRA",2005,10.6
"BRA",2006,9.7
"BRA",2007,9.3
"BRA",2008,8.3
"BRA",2009,9.4
"BRA",2010,8
"BRA",2011,7.6
"BRA",2012,6.9
"BRA",2013,7.2
"BRA",2014,6.9
"BRA",2015,8.6
"BRA",2016,11.7
"BRA",2017,12.9
"BRA",2018,12.4
"BRA",2019,12
"BRA",2020,13.8
"BRA",2021,13.2
"BRA",2022,9.3
"BRA",2023,8
"BRA",2024,7.2
"BRA",2025,7.2
"BRA",2026,7.3
"BRA",2027,7.4
"BRA",2028,7.5
"BRA",2029,7.5
"BRN",2011,9.3
"BRN",2012,8.5
"BRN",2013,7.7
"BRN",2014,6.9
"BRN",2015,7.7
"BRN",2016,8.5
"BRN",2017,9.3
"BRN",2018,8.7
"BRN",2019,6.8
"BRN",2020,7.3
"BRN",2021,5
"BRN",2022,5.2
"BRN",2023,5.3
"BRN",2024,4.9
"BRN",2025,4.9
"BRN",2026,4.9
"BRN",2027,4.9
"BRN",2028,4.9
"BRN",2029,4.9
"BGR",1989,0
"BGR",1990,2.9
"BGR",1991,6.8
"BGR",1992,13.2
"BGR",1993,15.8
"BGR",1994,14.1
"BGR",1995,11.4
"BGR",1996,11
"BGR",1997,14
"BGR",1998,12.4
"BGR",1999,13.8
"BGR",2000,18.1
"BGR",2001,17.5
"BGR",2002,17.4
"BGR",2003,13.9
"BGR",2004,12.2
"BGR",2005,10.2
"BGR",2006,9
"BGR",2007,6.9
"BGR",2008,5.7
"BGR",2009,6.9
"BGR",2010,10.3
"BGR",2011,11.3
"BGR",2012,12.4
"BGR",2013,13
"BGR",2014,11.5
"BGR",2015,9.2
"BGR",2016,7.7
"BGR",2017,6.2
"BGR",2018,5.3
"BGR",2019,4.3
"BGR",2020,5.2
"BGR",2021,5.2
"BGR",2022,4.2
"BGR",2023,4.4
"BGR",2024,4.3
"BGR",2025,4.2
"BGR",2026,4.1
"BGR",2027,4
"BGR",2028,4
"BGR",2029,4
"CAN",1980,7.5
"CAN",1981,7.6
"CAN",1982,11.1
"CAN",1983,12
"CAN",1984,11.4
"CAN",1985,10.5
"CAN",1986,9.6
"CAN",1987,8.8
"CAN",1988,7.8
"CAN",1989,7.5
"CAN",1990,8.2
"CAN",1991,10.3
"CAN",1992,11.2
"CAN",1993,11.4
"CAN",1994,10.4
"CAN",1995,9.5
"CAN",1996,9.6
"CAN",1997,9.1
"CAN",1998,8.3
"CAN",1999,7.6
"CAN",2000,6.8
"CAN",2001,7.2
"CAN",2002,7.7
"CAN",2003,7.6
"CAN",2004,7.2
"CAN",2005,6.8
"CAN",2006,6.5
"CAN",2007,6.2
"CAN",2008,6.3
"CAN",2009,8.5
"CAN",2010,8.1
"CAN",2011,7.6
"CAN",2012,7.4
"CAN",2013,7.2
"CAN",2014,7
"CAN",2015,7
"CAN",2016,7
"CAN",2017,6.4
"CAN",2018,5.9
"CAN",2019,5.7
"CAN",2020,9.7
"CAN",2021,7.5
"CAN",2022,5.3
"CAN",2023,5.4
"CAN",2024,6.2
"CAN",2025,6.2
"CAN",2026,6
"CAN",2027,6
"CAN",2028,6
"CAN",2029,6
"CPV",1980,21.5
"CPV",1981,21.9
"CPV",1982,22.2
"CPV",1983,22.6
"CPV",1984,23
"CPV",1985,23.4
"CPV",1986,23.8
"CPV",1987,24.2
"CPV",1988,24.6
"CPV",1989,25
"CPV",1990,25.4
"CPV",1991,25.8
"CPV",1992,26
"CPV",1993,26
"CPV",1994,26
"CPV",1995,26
"CPV",1996,25
"CPV",1997,25
"CPV",1998,24
"CPV",1999,22
"CPV",2000,20
"CPV",2001,21
"CPV",2002,20.5
"CPV",2003,20
"CPV",2004,19.5
"CPV",2005,21.4
"CPV",2006,13.5
"CPV",2007,15.2
"CPV",2008,13
"CPV",2009,13
"CPV",2010,10.7
"CPV",2011,12.2
"CPV",2012,16.8
"CPV",2013,16.4
"CPV",2014,15.8
"CPV",2015,12.4
"CPV",2016,15
"CPV",2017,12.2
"CPV",2018,12.2
"CPV",2019,8.5
"CPV",2020,8.5
"CPV",2021,8.5
"CPV",2022,8.5
"CPV",2023,8.5
"CPV",2024,8.5
"CPV",2025,8.5
"CPV",2026,8.5
"CPV",2027,8.5
"CPV",2028,8.5
"CPV",2029,8.5
"CHL",1980,11.5
"CHL",1981,10.3
"CHL",1982,19.8
"CHL",1983,21
"CHL",1984,17.5
"CHL",1985,15
"CHL",1986,12.3
"CHL",1987,11
"CHL",1988,9.9
"CHL",1989,8
"CHL",1990,7.8
"CHL",1991,8.2
"CHL",1992,6.7
"CHL",1993,6.5
"CHL",1994,7.8
"CHL",1995,7.4
"CHL",1996,6.5
"CHL",1997,6.1
"CHL",1998,6.2
"CHL",1999,10
"CHL",2000,9.7
"CHL",2001,9.9
"CHL",2002,9.8
"CHL",2003,9.5
"CHL",2004,10
"CHL",2005,9.3
"CHL",2006,8
"CHL",2007,7
"CHL",2008,7.8
"CHL",2009,11.1
"CHL",2010,8.3
"CHL",2011,7.3
"CHL",2012,6.6
"CHL",2013,6.1
"CHL",2014,6.5
"CHL",2015,6.3
"CHL",2016,6.7
"CHL",2017,7
"CHL",2018,7.4
"CHL",2019,7.2
"CHL",2020,10.8
"CHL",2021,8.9
"CHL",2022,7.9
"CHL",2023,8.7
"CHL",2024,8.5
"CHL",2025,8
"CHL",2026,7.8
"CHL",2027,7.7
"CHL",2028,7.5
"CHL",2029,7.5
"CHN",2017,5
"CHN",2018,4.9
"CHN",2019,5.2
"CHN",2020,5.6
"CHN",2021,5.1
"CHN",2022,5.6
"CHN",2023,5.2
"CHN",2024,5.1
"CHN",2025,5.1
"CHN",2026,5.1
"CHN",2027,5.1
"CHN",2028,5.1
"CHN",2029,5.1
"COL",1980,5.4
"COL",1981,6.6
"COL",1982,7.1
"COL",1983,8.7
"COL",1984,9
"COL",1985,8.7
"COL",1986,7.7
"COL",1987,7.4
"COL",1988,6.5
"COL",1989,6.8
"COL",1990,6.6
"COL",1991,6.4
"COL",1992,5.9
"COL",1993,5
"COL",1994,4.9
"COL",1995,5.6
"COL",1996,7.8
"COL",1997,7.9
"COL",1998,9.7
"COL",1999,13.1
"COL",2000,13.3
"COL",2001,15
"COL",2002,15.6
"COL",2003,14.1
"COL",2004,13.7
"COL",2005,11.8
"COL",2006,12
"COL",2007,11.2
"COL",2008,11.3
"COL",2009,12.2
"COL",2010,12
"COL",2011,11.1
"COL",2012,10.6
"COL",2013,9.9
"COL",2014,9.4
"COL",2015,9.2
"COL",2016,9.6
"COL",2017,9.7
"COL",2018,9.9
"COL",2019,10.9
"COL",2020,16.7
"COL",2021,13.8
"COL",2022,11.2
"COL",2023,10.2
"COL",2024,10.2
"COL",2025,10
"COL",2026,9.8
"COL",2027,9.6
"COL",2028,9.5
"COL",2029,9.4
"IRN",1990,14.2
"IRN",1991,10
"IRN",1992,10
"IRN",1993,10
"IRN",1994,10
"IRN",1995,10
"IRN",1996,9.1
"IRN",1997,11.9
"IRN",1998,13.6
"IRN",1999,15.8
"IRN",2000,16
"IRN",2001,16.6
"IRN",2002,12.2
"IRN",2003,11.3
"IRN",2004,12.3
"IRN",2005,11.5
"IRN",2006,11.3
"IRN",2007,10.5
"IRN",2008,10.4
"IRN",2009,11.9
"IRN",2010,13.5
"IRN",2011,12.3
"IRN",2012,12.1
"IRN",2013,10.4
"IRN",2014,10.6
"IRN",2015,11
"IRN",2016,12.4
"IRN",2017,12.1
"IRN",2018,12.1
"IRN",2019,10.7
"IRN",2020,9.6
"IRN",2021,9.2
"IRN",2022,9
"IRN",2023,8.1
"IRN",2024,8
"IRN",2025,8.4
"IRN",2026,8.8
"IRN",2027,9
"IRN",2028,9
"IRN",2029,9
"CRI",1980,5.9
"CRI",1981,8.8
"CRI",1982,9.4
"CRI",1983,9.2
"CRI",1984,5.4
"CRI",1985,6.8
"CRI",1986,6.2
"CRI",1987,5.6
"CRI",1988,5.5
"CRI",1989,3.8
"CRI",1990,4.6
"CRI",1991,5.5
"CRI",1992,4.1
"CRI",1993,4.1
"CRI",1994,4.2
"CRI",1995,5.2
"CRI",1996,6.2
"CRI",1997,5.7
"CRI",1998,5.6
"CRI",1999,6
"CRI",2000,5.2
"CRI",2001,6.1
"CRI",2002,6.4
"CRI",2003,6.7
"CRI",2004,6.5
"CRI",2005,6.6
"CRI",2006,6
"CRI",2007,4.6
"CRI",2008,4.9
"CRI",2009,7.8
"CRI",2010,9.2
"CRI",2011,10.5
"CRI",2012,9.8
"CRI",2013,8.3
"CRI",2014,9.7
"CRI",2015,9.6
"CRI",2016,9.5
"CRI",2017,9.3
"CRI",2018,12
"CRI",2019,12.4
"CRI",2020,20
"CRI",2021,13.7
"CRI",2022,11.7
"CRI",2023,7.3
"CRI",2024,8.3
"CRI",2025,8.7
"CRI",2026,9
"CRI",2027,9
"CRI",2028,9
"CRI",2029,9
"HRV",1991,13.2
"HRV",1992,15.3
"HRV",1993,14.8
"HRV",1994,14.5
"HRV",1995,14.5
"HRV",1996,10
"HRV",1997,9.9
"HRV",1998,11.6
"HRV",1999,18.6
"HRV",2000,20.6
"HRV",2001,21.5
"HRV",2002,21.8
"HRV",2003,19.1
"HRV",2004,17.8
"HRV",2005,17.6
"HRV",2006,16.5
"HRV",2007,14.7
"HRV",2008,13
"HRV",2009,14.5
"HRV",2010,17.2
"HRV",2011,17.4
"HRV",2012,18.6
"HRV",2013,19.8
"HRV",2014,19.3
"HRV",2015,17.1
"HRV",2016,15
"HRV",2017,12.4
"HRV",2018,9.9
"HRV",2019,7.8
"HRV",2020,9
"HRV",2021,8.1
"HRV",2022,6.8
"HRV",2023,6.2
"HRV",2024,5.6
"HRV",2025,5.5
"HRV",2026,5.5
"HRV",2027,5.5
"HRV",2028,5.5
"HRV",2029,5.5
"CYP",1982,2.8
"CYP",1983,3.3
"CYP",1984,3.3
"CYP",1985,3.3
"CYP",1986,3.7
"CYP",1987,3.4
"CYP",1988,2.8
"CYP",1989,2.3
"CYP",1990,1.8
"CYP",1991,3
"CYP",1992,1.8
"CYP",1993,2.7
"CYP",1994,2.7
"CYP",1995,2.6
"CYP",1996,3.1
"CYP",1997,3.4
"CYP",1998,3.4
"CYP",1999,3.6
"CYP",2000,4.8
"CYP",2001,3.9
"CYP",2002,3.5
"CYP",2003,4.1
"CYP",2004,4.6
"CYP",2005,5.3
"CYP",2006,4.6
"CYP",2007,3.9
"CYP",2008,3.7
"CYP",2009,5.3
"CYP",2010,6.3
"CYP",2011,7.9
"CYP",2012,11.8
"CYP",2013,15.9
"CYP",2014,16.1
"CYP",2015,14.9
"CYP",2016,13
"CYP",2017,11.1
"CYP",2018,8.4
"CYP",2019,7.1
"CYP",2020,7.6
"CYP",2021,7.5
"CYP",2022,6.8
"CYP",2023,6.1
"CYP",2024,5.3
"CYP",2025,5.1
"CYP",2026,5
"CYP",2027,5
"CYP",2028,5
"CYP",2029,5
"CZE",1995,4
"CZE",1996,3.9
"CZE",1997,4.8
"CZE",1998,6.5
"CZE",1999,8.7
"CZE",2000,8.8
"CZE",2001,8.1
"CZE",2002,7.3
"CZE",2003,7.8
"CZE",2004,8.3
"CZE",2005,7.9
"CZE",2006,7.1
"CZE",2007,5.3
"CZE",2008,4.4
"CZE",2009,6.7
"CZE",2010,7.3
"CZE",2011,6.7
"CZE",2012,7
"CZE",2013,6.9
"CZE",2014,6.1
"CZE",2015,5
"CZE",2016,3.9
"CZE",2017,2.9
"CZE",2018,2.2
"CZE",2019,2
"CZE",2020,2.5
"CZE",2021,2.7
"CZE",2022,2.2
"CZE",2023,2.6
"CZE",2024,2.8
"CZE",2025,2.5
"CZE",2026,2.4
"CZE",2027,2.4
"CZE",2028,2.4
"CZE",2029,2.4
"DNK",1980,5.3
"DNK",1981,7.1
"DNK",1982,7.6
"DNK",1983,8.4
"DNK",1984,7.9
"DNK",1985,6.6
"DNK",1986,5
"DNK",1987,5
"DNK",1988,5.7
"DNK",1989,6.8
"DNK",1990,7.2
"DNK",1991,7.9
"DNK",1992,8.6
"DNK",1993,9.5
"DNK",1994,7.7
"DNK",1995,6.8
"DNK",1996,6.3
"DNK",1997,5.2
"DNK",1998,4.9
"DNK",1999,5.1
"DNK",2000,4.3
"DNK",2001,4.5
"DNK",2002,4.6
"DNK",2003,5.4
"DNK",2004,5.5
"DNK",2005,4.8
"DNK",2006,3.9
"DNK",2007,3.6
"DNK",2008,2.7
"DNK",2009,4.8
"DNK",2010,6.1
"DNK",2011,6
"DNK",2012,6.1
"DNK",2013,5.8
"DNK",2014,5
"DNK",2015,4.5
"DNK",2016,4.1
"DNK",2017,4.2
"DNK",2018,3.9
"DNK",2019,3.7
"DNK",2020,4.7
"DNK",2021,3.6
"DNK",2022,2.5
"DNK",2023,2.8
"DNK",2024,2.9
"DNK",2025,3
"DNK",2026,3
"DNK",2027,3
"DNK",2028,3
"DNK",2029,3
"DOM",1991,9.2
"DOM",1992,9.5
"DOM",1993,9.3
"DOM",1994,7.4
"DOM",1995,7.3
"DOM",1996,7.5
"DOM",1997,7.2
"DOM",1998,7.4
"DOM",1999,6.3
"DOM",2000,8
"DOM",2001,9.1
"DOM",2002,8.5
"DOM",2003,8.7
"DOM",2004,7.9
"DOM",2005,8.2
"DOM",2006,7.1
"DOM",2007,6.5
"DOM",2008,6
"DOM",2009,6.8
"DOM",2010,6.5
"DOM",2011,7.6
"DOM",2012,8.4
"DOM",2013,9.2
"DOM",2014,8.5
"DOM",2015,7.3
"DOM",2016,7.1
"DOM",2017,5.5
"DOM",2018,5.7
"DOM",2019,6.2
"DOM",2020,5.8
"DOM",2021,7.4
"DOM",2022,5.3
"DOM",2023,5.3
"DOM",2024,6
"DOM",2025,6
"DOM",2026,6
"DOM",2027,6
"DOM",2028,6
"DOM",2029,6
"ECU",1988,7
"ECU",1989,7.9
"ECU",1990,6.1
"ECU",1991,8.5
"ECU",1992,8.9
"ECU",1993,8.3
"ECU",1994,5.7
"ECU",1995,5.5
"ECU",1996,9
"ECU",1997,7.8
"ECU",1998,10.2
"ECU",1999,13.1
"ECU",2000,7.6
"ECU",2001,9.6
"ECU",2002,7.8
"ECU",2003,10.2
"ECU",2004,7.2
"ECU",2005,7.1
"ECU",2006,6.7
"ECU",2007,6.9
"ECU",2008,6
"ECU",2009,6.5
"ECU",2010,5
"ECU",2011,4.2
"ECU",2012,4.1
"ECU",2013,4.2
"ECU",2014,3.8
"ECU",2015,4.8
"ECU",2016,5.2
"ECU",2017,4.6
"ECU",2018,3.7
"ECU",2019,3.8
"ECU",2020,5.3
"ECU",2021,4.2
"ECU",2022,3.2
"ECU",2023,3.4
"ECU",2024,4.2
"ECU",2025,4
"ECU",2026,3.8
"ECU",2027,3.6
"ECU",2028,3.5
"ECU",2029,3.5
"EGY",1990,8
"EGY",1991,8.8
"EGY",1992,9
"EGY",1993,10.9
"EGY",1994,11.1
"EGY",1995,11.2
"EGY",1996,9.5
"EGY",1997,8.7
"EGY",1998,8
"EGY",1999,7.7
"EGY",2000,9
"EGY",2001,8.8
"EGY",2002,10.1
"EGY",2003,11.3
"EGY",2004,10.5
"EGY",2005,11.5
"EGY",2006,10.9
"EGY",2007,9.2
"EGY",2008,8.7
"EGY",2009,9.4
"EGY",2010,9.2
"EGY",2011,10.4
"EGY",2012,12.4
"EGY",2013,13
"EGY",2014,13.4
"EGY",2015,12.9
"EGY",2016,12.7
"EGY",2017,12.2
"EGY",2018,10.9
"EGY",2019,8.6
"EGY",2020,8.3
"EGY",2021,7.3
"EGY",2022,7.3
"EGY",2023,7.2
"EGY",2024,7.2
"EGY",2025,7.4
"EGY",2026,6.9
"EGY",2027,6.4
"EGY",2028,5.8
"EGY",2029,5.5
"SLV",1988,10.2
"SLV",1989,9.1
"SLV",1990,10
"SLV",1991,8.7
"SLV",1992,9.4
"SLV",1993,10
"SLV",1994,7.8
"SLV",1995,7.7
"SLV",1996,7.8
"SLV",1997,8.1
"SLV",1998,7.4
"SLV",1999,6.5
"SLV",2000,6.8
"SLV",2001,7.1
"SLV",2002,6.4
"SLV",2003,7.1
"SLV",2004,6.9
"SLV",2005,7.3
"SLV",2006,6.7
"SLV",2007,6.4
"SLV",2008,6
"SLV",2009,7.4
"SLV",2010,7.1
"SLV",2011,6.7
"SLV",2012,6.2
"SLV",2013,6
"SLV",2014,7.1
"SLV",2015,7.1
"SLV",2016,7.1
"SLV",2017,7.2
"SLV",2018,6.5
"SLV",2019,6.5
"SLV",2020,7
"SLV",2021,6.3
"SLV",2022,5
"SLV",2023,5.2
"SLV",2024,5.2
"SLV",2025,5.2
"SLV",2026,5.2
"SLV",2027,5.2
"SLV",2028,5.2
"SLV",2029,5.2
"EST",1993,6.5
"EST",1994,7.5
"EST",1995,9.6
"EST",1996,9.9
"EST",1997,9.6
"EST",1998,9.8
"EST",1999,12.2
"EST",2000,14.6
"EST",2001,13
"EST",2002,11.2
"EST",2003,10.3
"EST",2004,10.1
"EST",2005,8
"EST",2006,5.9
"EST",2007,4.6
"EST",2008,5.5
"EST",2009,13.5
"EST",2010,16.7
"EST",2011,12.3
"EST",2012,10
"EST",2013,8.6
"EST",2014,7.4
"EST",2015,6.2
"EST",2016,6.8
"EST",2017,5.8
"EST",2018,5.4
"EST",2019,4.4
"EST",2020,6.8
"EST",2021,6.2
"EST",2022,5.6
"EST",2023,6.4
"EST",2024,7.5
"EST",2025,7.1
"EST",2026,6.8
"EST",2027,6.6
"EST",2028,6.5
"EST",2029,6.5
"FJI",1986,9.6
"FJI",1987,11.9
"FJI",1988,12
"FJI",1989,7.8
"FJI",1990,8.2
"FJI",1991,7.5
"FJI",1992,6.9
"FJI",1993,7.5
"FJI",1994,7.3
"FJI",1995,6.9
"FJI",1996,3.7
"FJI",1997,4.2
"FJI",1998,4.6
"FJI",1999,5.1
"FJI",2000,5.5
"FJI",2001,6
"FJI",2002,6.4
"FJI",2003,6.8
"FJI",2004,7.3
"FJI",2005,7.3
"FJI",2006,7.7
"FJI",2007,8.6
"FJI",2008,8.8
"FJI",2009,8.7
"FJI",2010,7.1
"FJI",2011,7.1
"FJI",2012,6.8
"FJI",2013,6.4
"FJI",2014,6.2
"FJI",2015,5.5
"FJI",2016,5.5
"FJI",2017,4.5
"FJI",2018,4.5
"FJI",2019,4.5
"FJI",2020,13.4
"FJI",2021,9
"FJI",2022,6.5
"FJI",2023,5.5
"FJI",2024,5
"FJI",2025,4.7
"FJI",2026,4.5
"FJI",2027,4.5
"FJI",2028,4.5
"FJI",2029,4.5
"FIN",1980,5.3
"FIN",1981,5.7
"FIN",1982,6.1
"FIN",1983,6.1
"FIN",1984,5.9
"FIN",1985,6
"FIN",1986,6.7
"FIN",1987,4.9
"FIN",1988,4.2
"FIN",1989,3.1
"FIN",1990,3.2
"FIN",1991,6.7
"FIN",1992,11.8
"FIN",1993,16.5
"FIN",1994,16.7
"FIN",1995,15.5
"FIN",1996,14.6
"FIN",1997,12.7
"FIN",1998,11.5
"FIN",1999,10.3
"FIN",2000,9.9
"FIN",2001,9.2
"FIN",2002,9.2
"FIN",2003,9.1
"FIN",2004,8.9
"FIN",2005,8.5
"FIN",2006,7.8
"FIN",2007,7
"FIN",2008,6.4
"FIN",2009,8.3
"FIN",2010,8.5
"FIN",2011,7.9
"FIN",2012,7.8
"FIN",2013,8.3
"FIN",2014,8.8
"FIN",2015,9.6
"FIN",2016,9
"FIN",2017,8.8
"FIN",2018,7.4
"FIN",2019,6.7
"FIN",2020,7.8
"FIN",2021,7.6
"FIN",2022,6.8
"FIN",2023,7.2
"FIN",2024,8.3
"FIN",2025,7.4
"FIN",2026,7.3
"FIN",2027,7.3
"FIN",2028,7.2
"FIN",2029,7.1
"FRA",1980,6.3
"FRA",1981,7.4
"FRA",1982,8.1
"FRA",1983,7.4
"FRA",1984,8.5
"FRA",1985,8.7
"FRA",1986,8.9
"FRA",1987,9.2
"FRA",1988,8.8
"FRA",1989,8.7
"FRA",1990,8.4
"FRA",1991,8.6
"FRA",1992,9.4
"FRA",1993,10.3
"FRA",1994,10.7
"FRA",1995,10.5
"FRA",1996,10.8
"FRA",1997,10.9
"FRA",1998,10.7
"FRA",1999,10.4
"FRA",2000,9.2
"FRA",2001,8.5
"FRA",2002,8.3
"FRA",2003,8.5
"FRA",2004,8.9
"FRA",2005,8.9
"FRA",2006,8.9
"FRA",2007,8
"FRA",2008,7.4
"FRA",2009,9.1
"FRA",2010,9.3
"FRA",2011,9.2
"FRA",2012,9.8
"FRA",2013,10.3
"FRA",2014,10.3
"FRA",2015,10.3
"FRA",2016,10.1
"FRA",2017,9.4
"FRA",2018,9
"FRA",2019,8.4
"FRA",2020,8
"FRA",2021,7.9
"FRA",2022,7.3
"FRA",2023,7.4
"FRA",2024,7.4
"FRA",2025,7.2
"FRA",2026,7.1
"FRA",2027,7
"FRA",2028,6.9
"FRA",2029,6.9
"GEO",1996,12.7
"GEO",1997,7.6
"GEO",1998,12.4
"GEO",1999,12.6
"GEO",2000,10.3
"GEO",2001,11.1
"GEO",2002,13.5
"GEO",2003,12.7
"GEO",2004,13.9
"GEO",2005,15.1
"GEO",2006,15.4
"GEO",2007,17.4
"GEO",2008,17.9
"GEO",2009,18.3
"GEO",2010,27.2
"GEO",2011,27.2
"GEO",2012,26.7
"GEO",2013,26.4
"GEO",2014,23
"GEO",2015,21.9
"GEO",2016,21.7
"GEO",2017,21.6
"GEO",2018,19.2
"GEO",2019,17.6
"GEO",2020,18.5
"GEO",2021,20.6
"GEO",2022,17.3
"GEO",2023,16.4
"GEO",2024,14.5
"GEO",2025,14.5
"GEO",2026,14.5
"GEO",2027,14.5
"GEO",2028,14.5
"GEO",2029,14.5
"DEU",1980,3.4
"DEU",1981,4.8
"DEU",1982,6.7
"DEU",1983,8.1
"DEU",1984,8.1
"DEU",1985,8.1
"DEU",1986,7.8
"DEU",1987,7.8
"DEU",1988,7.7
"DEU",1989,6.8
"DEU",1990,6.2
"DEU",1991,5.5
"DEU",1992,6.6
"DEU",1993,7.8
"DEU",1994,8.4
"DEU",1995,8.2
"DEU",1996,8.9
"DEU",1997,9.7
"DEU",1998,9.4
"DEU",1999,8.6
"DEU",2000,8
"DEU",2001,7.8
"DEU",2002,8.6
"DEU",2003,9.7
"DEU",2004,10.3
"DEU",2005,11
"DEU",2006,10
"DEU",2007,8.5
"DEU",2008,7.4
"DEU",2009,7.2
"DEU",2010,6.6
"DEU",2011,5.5
"DEU",2012,5.1
"DEU",2013,5
"DEU",2014,4.7
"DEU",2015,4.4
"DEU",2016,3.9
"DEU",2017,3.6
"DEU",2018,3.2
"DEU",2019,3
"DEU",2020,3.6
"DEU",2021,3.6
"DEU",2022,3.1
"DEU",2023,3
"DEU",2024,3.4
"DEU",2025,3.2
"DEU",2026,3.1
"DEU",2027,3
"DEU",2028,3
"DEU",2029,3
"GRC",1980,2.7
"GRC",1981,4
"GRC",1982,5.8
"GRC",1983,7.9
"GRC",1984,8.1
"GRC",1985,7.8
"GRC",1986,7.4
"GRC",1987,7.4
"GRC",1988,7.7
"GRC",1989,7.5
"GRC",1990,7
"GRC",1991,7.7
"GRC",1992,8.7
"GRC",1993,9.7
"GRC",1994,9.6
"GRC",1995,10
"GRC",1996,10.3
"GRC",1997,10.3
"GRC",1998,11.2
"GRC",1999,12.1
"GRC",2000,11.4
"GRC",2001,10.8
"GRC",2002,10.4
"GRC",2003,9.8
"GRC",2004,10.6
"GRC",2005,10
"GRC",2006,9
"GRC",2007,8.4
"GRC",2008,7.8
"GRC",2009,9.6
"GRC",2010,12.7
"GRC",2011,17.9
"GRC",2012,24.4
"GRC",2013,27.5
"GRC",2014,26.5
"GRC",2015,24.9
"GRC",2016,23.6
"GRC",2017,21.5
"GRC",2018,19.3
"GRC",2019,17.3
"GRC",2020,16.3
"GRC",2021,14.8
"GRC",2022,12.4
"GRC",2023,11.1
"GRC",2024,10.5
"GRC",2025,10.1
"GRC",2026,9.5
"GRC",2027,9
"GRC",2028,8.5
"GRC",2029,8
"HND",1980,6.9
"HND",1981,7
"HND",1982,6.7
"HND",1983,6.5
"HND",1984,6.3
"HND",1985,6.8
"HND",1986,6.7
"HND",1987,7.1
"HND",1988,6.9
"HND",1989,6.7
"HND",1990,4.3
"HND",1991,4.6
"HND",1992,3.1
"HND",1993,3.2
"HND",1994,3.2
"HND",1995,3.2
"HND",1996,4.4
"HND",1997,3.3
"HND",1998,4
"HND",1999,3.8
"HND",2000,3.9
"HND",2001,4
"HND",2002,4
"HND",2003,5.3
"HND",2004,6
"HND",2005,4.9
"HND",2006,3.6
"HND",2007,3.2
"HND",2008,3.2
"HND",2009,3.3
"HND",2010,4.1
"HND",2011,4.5
"HND",2012,3.8
"HND",2013,4.1
"HND",2014,5.5
"HND",2015,6.1
"HND",2016,6.7
"HND",2017,5.5
"HND",2018,5.6
"HND",2019,5.4
"HND",2020,10.9
"HND",2021,8.6
"HND",2022,8.9
"HND",2023,8.1
"HND",2024,8
"HND",2025,8
"HND",2026,8
"HND",2027,8
"HND",2028,8
"HND",2029,8
"HKG",1980,3.8
"HKG",1981,3.9
"HKG",1982,3.5
"HKG",1983,4.3
"HKG",1984,3.9
"HKG",1985,3.2
"HKG",1986,2.8
"HKG",1987,1.7
"HKG",1988,1.4
"HKG",1989,1.1
"HKG",1990,1.3
"HKG",1991,1.8
"HKG",1992,2
"HKG",1993,2
"HKG",1994,1.9
"HKG",1995,3.2
"HKG",1996,2.8
"HKG",1997,2.2
"HKG",1998,4.7
"HKG",1999,6.3
"HKG",2000,4.9
"HKG",2001,5.1
"HKG",2002,7.3
"HKG",2003,7.9
"HKG",2004,6.8
"HKG",2005,5.6
"HKG",2006,4.8
"HKG",2007,4
"HKG",2008,3.5
"HKG",2009,5.3
"HKG",2010,4.3
"HKG",2011,3.4
"HKG",2012,3.3
"HKG",2013,3.4
"HKG",2014,3.3
"HKG",2015,3.3
"HKG",2016,3.4
"HKG",2017,3.1
"HKG",2018,2.8
"HKG",2019,2.9
"HKG",2020,5.8
"HKG",2021,5.2
"HKG",2022,4.3
"HKG",2023,2.9
"HKG",2024,2.8
"HKG",2025,2.7
"HKG",2026,2.7
"HKG",2027,2.7
"HKG",2028,2.7
"HKG",2029,2.7
"HUN",1980,0.6
"HUN",1981,0.2
"HUN",1982,0.2
"HUN",1983,0.2
"HUN",1984,0.1
"HUN",1985,0
"HUN",1986,0.2
"HUN",1987,0.3
"HUN",1988,0.5
"HUN",1989,0.5
"HUN",1990,2.1
"HUN",1991,8.4
"HUN",1992,9.3
"HUN",1993,11.3
"HUN",1994,10.1
"HUN",1995,10.2
"HUN",1996,9.9
"HUN",1997,8.7
"HUN",1998,7.8
"HUN",1999,7
"HUN",2000,6.4
"HUN",2001,5.7
"HUN",2002,5.8
"HUN",2003,5.9
"HUN",2004,6.1
"HUN",2005,6.8
"HUN",2006,7.1
"HUN",2007,7
"HUN",2008,7.4
"HUN",2009,9.7
"HUN",2010,10.8
"HUN",2011,10.7
"HUN",2012,10.7
"HUN",2013,9.8
"HUN",2014,7.5
"HUN",2015,6.6
"HUN",2016,5
"HUN",2017,4
"HUN",2018,3.6
"HUN",2019,3.3
"HUN",2020,4.1
"HUN",2021,4.1
"HUN",2022,3.6
"HUN",2023,4.1
"HUN",2024,4.4
"HUN",2025,4.2
"HUN",2026,4.1
"HUN",2027,4
"HUN",2028,3.8
"HUN",2029,3.7
"ISL",1980,0.3
"ISL",1981,0.4
"ISL",1982,0.7
"ISL",1983,1
"ISL",1984,1.3
"ISL",1985,0.9
"ISL",1986,0.7
"ISL",1987,0.4
"ISL",1988,0.6
"ISL",1989,1.7
"ISL",1990,2.6
"ISL",1991,2.9
"ISL",1992,4.7
"ISL",1993,5.8
"ISL",1994,5.8
"ISL",1995,5.3
"ISL",1996,4.2
"ISL",1997,4.2
"ISL",1998,3.3
"ISL",1999,2.5
"ISL",2000,2.6
"ISL",2001,2.8
"ISL",2002,3.5
"ISL",2003,3.5
"ISL",2004,3.4
"ISL",2005,2.9
"ISL",2006,3.2
"ISL",2007,2.5
"ISL",2008,3.3
"ISL",2009,8
"ISL",2010,8.3
"ISL",2011,7.7
"ISL",2012,6.6
"ISL",2013,5.8
"ISL",2014,5.4
"ISL",2015,4.5
"ISL",2016,3.3
"ISL",2017,3.3
"ISL",2018,3.1
"ISL",2019,3.9
"ISL",2020,6.4
"ISL",2021,6
"ISL",2022,3.8
"ISL",2023,3.4
"ISL",2024,3.8
"ISL",2025,3.8
"ISL",2026,3.9
"ISL",2027,4
"ISL",2028,4
"ISL",2029,4
"IDN",1984,1.6
"IDN",1985,2.2
"IDN",1986,2.8
"IDN",1987,2.6
"IDN",1988,2.9
"IDN",1989,2.9
"IDN",1990,2.6
"IDN",1991,2.7
"IDN",1992,2.8
"IDN",1993,2.8
"IDN",1994,4.5
"IDN",1995,7.4
"IDN",1996,5
"IDN",1997,4.8
"IDN",1998,5.5
"IDN",1999,6.4
"IDN",2000,6.1
"IDN",2001,8.1
"IDN",2002,9.1
"IDN",2003,9.7
"IDN",2004,9.9
"IDN",2005,11.2
"IDN",2006,10.3
"IDN",2007,9.1
"IDN",2008,8.4
"IDN",2009,7.9
"IDN",2010,7.1
"IDN",2011,6.6
"IDN",2012,6.1
"IDN",2013,6.3
"IDN",2014,5.9
"IDN",2015,6.2
"IDN",2016,5.6
"IDN",2017,5.5
"IDN",2018,5.2
"IDN",2019,5.2
"IDN",2020,7.1
"IDN",2021,6.5
"IDN",2022,5.9
"IDN",2023,5.3
"IDN",2024,5.2
"IDN",2025,5.1
"IDN",2026,5.1
"IDN",2027,5.1
"IDN",2028,5.1
"IDN",2029,5.1
"IRN",1990,14.2
"IRN",1991,10
"IRN",1992,10
"IRN",1993,10
"IRN",1994,10
"IRN",1995,10
"IRN",1996,9.1
"IRN",1997,11.9
"IRN",1998,13.6
"IRN",1999,15.8
"IRN",2000,16
"IRN",2001,16.6
"IRN",2002,12.2
"IRN",2003,11.3
"IRN",2004,12.3
"IRN",2005,11.5
"IRN",2006,11.3
"IRN",2007,10.5
"IRN",2008,10.4
"IRN",2009,11.9
"IRN",2010,13.5
"IRN",2011,12.3
"IRN",2012,12.1
"IRN",2013,10.4
"IRN",2014,10.6
"IRN",2015,11
"IRN",2016,12.4
"IRN",2017,12.1
"IRN",2018,12.1
"IRN",2019,10.7
"IRN",2020,9.6
"IRN",2021,9.2
"IRN",2022,9
"IRN",2023,8.1
"IRN",2024,8
"IRN",2025,8.4
"IRN",2026,8.8
"IRN",2027,9
"IRN",2028,9
"IRN",2029,9
"IRL",1985,17.7
"IRL",1986,18.1
"IRL",1987,18.8
"IRL",1988,18.4
"IRL",1989,17.9
"IRL",1990,17.2
"IRL",1991,19
"IRL",1992,16.3
"IRL",1993,16.7
"IRL",1994,15.1
"IRL",1995,14.1
"IRL",1996,11.8
"IRL",1997,9.9
"IRL",1998,7.6
"IRL",1999,5.9
"IRL",2000,4.4
"IRL",2001,4.2
"IRL",2002,4.7
"IRL",2003,4.8
"IRL",2004,4.7
"IRL",2005,4.6
"IRL",2006,4.8
"IRL",2007,5
"IRL",2008,6.8
"IRL",2009,12.7
"IRL",2010,14.6
"IRL",2011,15.4
"IRL",2012,15.5
"IRL",2013,13.8
"IRL",2014,11.9
"IRL",2015,9.9
"IRL",2016,8.4
"IRL",2017,6.8
"IRL",2018,5.8
"IRL",2019,5
"IRL",2020,5.8
"IRL",2021,6.3
"IRL",2022,4.5
"IRL",2023,4.3
"IRL",2024,4.4
"IRL",2025,4.4
"IRL",2026,4.5
"IRL",2027,4.5
"IRL",2028,4.5
"IRL",2029,4.5
"ISR",1980,4.8
"ISR",1981,5.1
"ISR",1982,5
"ISR",1983,4.6
"ISR",1984,5.9
"ISR",1985,6.7
"ISR",1986,7.1
"ISR",1987,6.1
"ISR",1988,6.4
"ISR",1989,8.9
"ISR",1990,9.6
"ISR",1991,10.6
"ISR",1992,11.2
"ISR",1993,10
"ISR",1994,7.8
"ISR",1995,6.9
"ISR",1996,8.3
"ISR",1997,9.5
"ISR",1998,10.7
"ISR",1999,11.1
"ISR",2000,10.9
"ISR",2001,11.6
"ISR",2002,12.9
"ISR",2003,13.4
"ISR",2004,12.9
"ISR",2005,11.2
"ISR",2006,10.5
"ISR",2007,9.2
"ISR",2008,7.7
"ISR",2009,9.4
"ISR",2010,8.3
"ISR",2011,7.1
"ISR",2012,6.9
"ISR",2013,6.2
"ISR",2014,5.9
"ISR",2015,5.3
"ISR",2016,4.8
"ISR",2017,4.2
"ISR",2018,4
"ISR",2019,3.8
"ISR",2020,4.3
"ISR",2021,5
"ISR",2022,3.8
"ISR",2023,3.5
"ISR",2024,3.1
"ISR",2025,3.4
"ISR",2026,3.6
"ISR",2027,3.8
"ISR",2028,3.9
"ISR",2029,3.9
"ITA",1980,7.4
"ITA",1981,7.6
"ITA",1982,8.3
"ITA",1983,7.4
"ITA",1984,7.8
"ITA",1985,8.2
"ITA",1986,8.9
"ITA",1987,9.6
"ITA",1988,9.7
"ITA",1989,9.7
"ITA",1990,8.9
"ITA",1991,8.5
"ITA",1992,8.8
"ITA",1993,9.8
"ITA",1994,10.6
"ITA",1995,11.2
"ITA",1996,11.2
"ITA",1997,11.2
"ITA",1998,11.3
"ITA",1999,10.9
"ITA",2000,10.1
"ITA",2001,9.1
"ITA",2002,8.6
"ITA",2003,8.5
"ITA",2004,8
"ITA",2005,7.8
"ITA",2006,6.9
"ITA",2007,6.2
"ITA",2008,6.8
"ITA",2009,7.9
"ITA",2010,8.5
"ITA",2011,8.6
"ITA",2012,10.9
"ITA",2013,12.4
"ITA",2014,12.8
"ITA",2015,12
"ITA",2016,11.7
"ITA",2017,11.3
"ITA",2018,10.6
"ITA",2019,9.9
"ITA",2020,9.4
"ITA",2021,9.5
"ITA",2022,8.1
"ITA",2023,7.7
"ITA",2024,7
"ITA",2025,7.2
"ITA",2026,7.3
"ITA",2027,7.5
"ITA",2028,7.6
"ITA",2029,7.6
"JAM",1980,27.3
"JAM",1981,25.9
"JAM",1982,27.6
"JAM",1983,26.4
"JAM",1984,25.5
"JAM",1985,25
"JAM",1986,23.7
"JAM",1987,21
"JAM",1988,19.1
"JAM",1989,15.2
"JAM",1990,15.7
"JAM",1991,15.4
"JAM",1992,15.7
"JAM",1993,16.3
"JAM",1994,15.4
"JAM",1995,16.2
"JAM",1996,16
"JAM",1997,16.5
"JAM",1998,15.5
"JAM",1999,15.7
"JAM",2000,15.5
"JAM",2001,15
"JAM",2002,14.2
"JAM",2003,11.8
"JAM",2004,12.2
"JAM",2005,11.2
"JAM",2006,10.3
"JAM",2007,9.9
"JAM",2008,10.6
"JAM",2009,11.4
"JAM",2010,12.4
"JAM",2011,12.4
"JAM",2012,13.9
"JAM",2013,15.3
"JAM",2014,13.8
"JAM",2015,13.5
"JAM",2016,13.2
"JAM",2017,11.7
"JAM",2018,9.1
"JAM",2019,7.7
"JAM",2020,10.2
"JAM",2021,8.4
"JAM",2022,6.3
"JAM",2023,4.4
"JPN",1980,2
"JPN",1981,2.2
"JPN",1982,2.4
"JPN",1983,2.7
"JPN",1984,2.7
"JPN",1985,2.6
"JPN",1986,2.8
"JPN",1987,2.9
"JPN",1988,2.5
"JPN",1989,2.3
"JPN",1990,2.1
"JPN",1991,2.1
"JPN",1992,2.2
"JPN",1993,2.5
"JPN",1994,2.9
"JPN",1995,3.2
"JPN",1996,3.4
"JPN",1997,3.4
"JPN",1998,4.1
"JPN",1999,4.7
"JPN",2000,4.7
"JPN",2001,5
"JPN",2002,5.4
"JPN",2003,5.2
"JPN",2004,4.7
"JPN",2005,4.4
"JPN",2006,4.1
"JPN",2007,3.8
"JPN",2008,4
"JPN",2009,5.1
"JPN",2010,5.1
"JPN",2011,4.6
"JPN",2012,4.3
"JPN",2013,4
"JPN",2014,3.6
"JPN",2015,3.4
"JPN",2016,3.1
"JPN",2017,2.8
"JPN",2018,2.4
"JPN",2019,2.4
"JPN",2020,2.8
"JPN",2021,2.8
"JPN",2022,2.6
"JPN",2023,2.6
"JPN",2024,2.5
"JPN",2025,2.5
"JPN",2026,2.5
"JPN",2027,2.5
"JPN",2028,2.5
"JPN",2029,2.5
"JOR",1984,5.4
"JOR",1985,6
"JOR",1986,8
"JOR",1987,8.4
"JOR",1988,8.8
"JOR",1989,10.3
"JOR",1990,16.8
"JOR",1991,18.8
"JOR",1992,17.6
"JOR",1993,19.6
"JOR",1994,15.8
"JOR",1995,15.4
"JOR",1996,13.1
"JOR",1997,14.4
"JOR",1998,13.5
"JOR",1999,14.4
"JOR",2000,13.7
"JOR",2001,14.7
"JOR",2002,15.3
"JOR",2003,14.4
"JOR",2004,14.7
"JOR",2005,14.8
"JOR",2006,14.1
"JOR",2007,12.7
"JOR",2008,12.7
"JOR",2009,12.9
"JOR",2010,12.5
"JOR",2011,12.9
"JOR",2012,12.2
"JOR",2013,12.6
"JOR",2014,11.9
"JOR",2015,13.1
"JOR",2016,15.3
"JOR",2017,18.3
"JOR",2018,18.6
"JOR",2019,19.1
"JOR",2020,22.7
"JOR",2021,24.1
"JOR",2022,22.9
"JOR",2023,22
"KAZ",1994,7.5
"KAZ",1995,11
"KAZ",1996,13
"KAZ",1997,13
"KAZ",1998,13.1
"KAZ",1999,13.5
"KAZ",2000,12.8
"KAZ",2001,10.5
"KAZ",2002,9.3
"KAZ",2003,8.8
"KAZ",2004,8.4
"KAZ",2005,8.1
"KAZ",2006,7.8
"KAZ",2007,7.3
"KAZ",2008,6.6
"KAZ",2009,6.6
"KAZ",2010,5.8
"KAZ",2011,5.4
"KAZ",2012,5.3
"KAZ",2013,5.2
"KAZ",2014,5.1
"KAZ",2015,5
"KAZ",2016,4.9
"KAZ",2017,4.9
"KAZ",2018,4.8
"KAZ",2019,4.8
"KAZ",2020,4.9
"KAZ",2021,4.9
"KAZ",2022,4.9
"KAZ",2023,4.8
"KAZ",2024,4.8
"KAZ",2025,4.8
"KAZ",2026,4.8
"KAZ",2027,4.8
"KAZ",2028,4.8
"KAZ",2029,4.8
"KOR",1980,5.2
"KOR",1981,4.5
"KOR",1982,4.1
"KOR",1983,4.1
"KOR",1984,3.9
"KOR",1985,4
"KOR",1986,3.8
"KOR",1987,3.1
"KOR",1988,2.5
"KOR",1989,2.6
"KOR",1990,2.5
"KOR",1991,2.5
"KOR",1992,2.5
"KOR",1993,2.9
"KOR",1994,2.5
"KOR",1995,2.1
"KOR",1996,2.1
"KOR",1997,2.6
"KOR",1998,7
"KOR",1999,6.6
"KOR",2000,4.4
"KOR",2001,4
"KOR",2002,3.3
"KOR",2003,3.6
"KOR",2004,3.7
"KOR",2005,3.8
"KOR",2006,3.5
"KOR",2007,3.3
"KOR",2008,3.2
"KOR",2009,3.6
"KOR",2010,3.7
"KOR",2011,3.4
"KOR",2012,3.2
"KOR",2013,3.1
"KOR",2014,3.5
"KOR",2015,3.6
"KOR",2016,3.7
"KOR",2017,3.7
"KOR",2018,3.8
"KOR",2019,3.8
"KOR",2020,3.9
"KOR",2021,3.7
"KOR",2022,2.9
"KOR",2023,2.7
"KOR",2024,2.9
"KOR",2025,3
"KOR",2026,3
"KOR",2027,3
"KOR",2028,3
"KOR",2029,3
"KGZ",1994,4.1
"KGZ",1995,5.7
"KGZ",1996,7.8
"KGZ",1997,5.7
"KGZ",1998,5.9
"KGZ",1999,7.2
"KGZ",2000,7.5
"KGZ",2001,7.8
"KGZ",2002,12.5
"KGZ",2003,9.9
"KGZ",2004,8.5
"KGZ",2005,8.1
"KGZ",2006,8.3
"KGZ",2007,8.2
"KGZ",2008,8.2
"KGZ",2009,8.4
"KGZ",2010,8.6
"KGZ",2011,8.5
"KGZ",2012,8.4
"KGZ",2013,8.3
"KGZ",2014,8
"KGZ",2015,7.6
"KGZ",2016,7.2
"KGZ",2017,6.9
"KGZ",2018,6.9
"KGZ",2019,6.9
"KGZ",2020,8.7
"KGZ",2021,9
"KGZ",2022,9
"KGZ",2023,9
"KGZ",2024,9
"KGZ",2025,9
"KGZ",2026,9
"KGZ",2027,9
"KGZ",2028,9
"KGZ",2029,9
"LVA",1992,3.2
"LVA",1993,7
"LVA",1994,7
"LVA",1995,7
"LVA",1996,20.7
"LVA",1997,15.2
"LVA",1998,14
"LVA",1999,14.1
"LVA",2000,14.3
"LVA",2001,13.5
"LVA",2002,12.5
"LVA",2003,11.6
"LVA",2004,11.7
"LVA",2005,10
"LVA",2006,7
"LVA",2007,6.1
"LVA",2008,7.8
"LVA",2009,17.6
"LVA",2010,19.5
"LVA",2011,16.2
"LVA",2012,15
"LVA",2013,11.9
"LVA",2014,10.8
"LVA",2015,9.9
"LVA",2016,9.6
"LVA",2017,8.7
"LVA",2018,7.4
"LVA",2019,6.3
"LVA",2020,8.1
"LVA",2021,7.6
"LVA",2022,6.9
"LVA",2023,6.5
"LVA",2024,6.7
"LVA",2025,6.5
"LVA",2026,6.4
"LVA",2027,6.4
"LVA",2028,6.3
"LVA",2029,6.3
"LTU",1999,14.6
"LTU",2000,16.4
"LTU",2001,17.4
"LTU",2002,13.7
"LTU",2003,12.4
"LTU",2004,10.9
"LTU",2005,8.3
"LTU",2006,5.8
"LTU",2007,4.2
"LTU",2008,5.8
"LTU",2009,13.8
"LTU",2010,17.8
"LTU",2011,15.4
"LTU",2012,13.4
"LTU",2013,11.8
"LTU",2014,10.7
"LTU",2015,9.1
"LTU",2016,7.9
"LTU",2017,7.1
"LTU",2018,6.1
"LTU",2019,6.3
"LTU",2020,8.5
"LTU",2021,7.1
"LTU",2022,6
"LTU",2023,6.9
"LTU",2024,7.3
"LTU",2025,7.1
"LTU",2026,6.5
"LTU",2027,6.1
"LTU",2028,6
"LTU",2029,6
"LUX",1980,0.7
"LUX",1981,1
"LUX",1982,1.3
"LUX",1983,1.6
"LUX",1984,1.7
"LUX",1985,1.7
"LUX",1986,1.5
"LUX",1987,1.7
"LUX",1988,1.5
"LUX",1989,1.4
"LUX",1990,1.3
"LUX",1991,1.4
"LUX",1992,1.6
"LUX",1993,2.1
"LUX",1994,2.7
"LUX",1995,3
"LUX",1996,3.2
"LUX",1997,3.3
"LUX",1998,3.1
"LUX",1999,2.9
"LUX",2000,2.4
"LUX",2001,2.2
"LUX",2002,2.5
"LUX",2003,3.3
"LUX",2004,3.7
"LUX",2005,4.1
"LUX",2006,4.2
"LUX",2007,4.2
"LUX",2008,4.1
"LUX",2009,5.5
"LUX",2010,5.8
"LUX",2011,5.7
"LUX",2012,6.1
"LUX",2013,6.8
"LUX",2014,7.1
"LUX",2015,6.6
"LUX",2016,6.3
"LUX",2017,5.8
"LUX",2018,5.1
"LUX",2019,5.4
"LUX",2020,6.4
"LUX",2021,5.7
"LUX",2022,4.8
"LUX",2023,5.2
"LUX",2024,5.8
"LUX",2025,5.9
"LUX",2026,5.6
"LUX",2027,5.4
"LUX",2028,5.4
"LUX",2029,5.3
"MAC",2001,6.4
"MAC",2002,6.3
"MAC",2003,6.1
"MAC",2004,4.9
"MAC",2005,4.2
"MAC",2006,3.8
"MAC",2007,3.1
"MAC",2008,3
"MAC",2009,3.6
"MAC",2010,2.8
"MAC",2011,2.6
"MAC",2012,2
"MAC",2013,1.9
"MAC",2014,1.7
"MAC",2015,1.8
"MAC",2016,1.9
"MAC",2017,2
"MAC",2018,1.8
"MAC",2019,1.7
"MAC",2020,2.6
"MAC",2021,3
"MAC",2022,3.7
"MAC",2023,2.7
"MAC",2024,1.8
"MAC",2025,1.8
"MAC",2026,1.7
"MAC",2027,1.7
"MAC",2028,1.7
"MAC",2029,1.7
"MYS",1985,6.9
"MYS",1986,8.3
"MYS",1987,8.2
"MYS",1988,8.1
"MYS",1989,6.7
"MYS",1990,5.1
"MYS",1991,4.3
"MYS",1992,3.7
"MYS",1993,3
"MYS",1994,2.9
"MYS",1995,3.1
"MYS",1996,2.5
"MYS",1997,2.4
"MYS",1998,3.2
"MYS",1999,3.4
"MYS",2000,3.1
"MYS",2001,3.7
"MYS",2002,3.5
"MYS",2003,3.6
"MYS",2004,3.6
"MYS",2005,3.6
"MYS",2006,3.3
"MYS",2007,3.2
"MYS",2008,3.3
"MYS",2009,3.7
"MYS",2010,3.3
"MYS",2011,3.1
"MYS",2012,3
"MYS",2013,3.1
"MYS",2014,2.9
"MYS",2015,3.2
"MYS",2016,3.5
"MYS",2017,3.4
"MYS",2018,3.3
"MYS",2019,3.3
"MYS",2020,4.5
"MYS",2021,4.7
"MYS",2022,3.8
"MYS",2023,3.6
"MYS",2024,3.5
"MYS",2025,3.5
"MYS",2026,3.5
"MYS",2027,3.5
"MYS",2028,3.5
"MYS",2029,3.5
"MLT",1983,12.5
"MLT",1984,12.5
"MLT",1985,12.2
"MLT",1986,11
"MLT",1987,8.2
"MLT",1988,6.2
"MLT",1989,4.6
"MLT",1990,4.8
"MLT",1991,4.4
"MLT",1992,4.9
"MLT",1993,5.4
"MLT",1994,5.4
"MLT",1995,4.9
"MLT",1996,5.2
"MLT",1997,6.2
"MLT",1998,6.6
"MLT",1999,7.1
"MLT",2000,6.8
"MLT",2001,7.6
"MLT",2002,7
"MLT",2003,7.6
"MLT",2004,7.2
"MLT",2005,6.9
"MLT",2006,6.8
"MLT",2007,6.5
"MLT",2008,6
"MLT",2009,6.9
"MLT",2010,6.8
"MLT",2011,6.4
"MLT",2012,6.2
"MLT",2013,6.1
"MLT",2014,5.7
"MLT",2015,5.4
"MLT",2016,4.7
"MLT",2017,4
"MLT",2018,4
"MLT",2019,4.1
"MLT",2020,4.9
"MLT",2021,3.8
"MLT",2022,3.5
"MLT",2023,3.1
"MLT",2024,3
"MLT",2025,3
"MLT",2026,3
"MLT",2027,3
"MLT",2028,3
"MLT",2029,3
"MUS",1982,20.6
"MUS",1983,19.7
"MUS",1984,17.6
"MUS",1985,15.3
"MUS",1986,10.9
"MUS",1987,6
"MUS",1988,3.9
"MUS",1989,3.6
"MUS",1990,2.8
"MUS",1991,2.7
"MUS",1992,3.3
"MUS",1993,3.9
"MUS",1994,4.5
"MUS",1995,5.1
"MUS",1996,5.8
"MUS",1997,6.6
"MUS",1998,6.9
"MUS",1999,7.7
"MUS",2000,6.5
"MUS",2001,6.8
"MUS",2002,7.2
"MUS",2003,7.7
"MUS",2004,8.4
"MUS",2005,9.6
"MUS",2006,9.1
"MUS",2007,8.5
"MUS",2008,7.2
"MUS",2009,7.3
"MUS",2010,7.8
"MUS",2011,7.9
"MUS",2012,8.1
"MUS",2013,8
"MUS",2014,7.8
"MUS",2015,7.9
"MUS",2016,7.3
"MUS",2017,7.1
"MUS",2018,6.9
"MUS",2019,6.7
"MUS",2020,9.2
"MUS",2021,9.1
"MUS",2022,6.8
"MUS",2023,6.3
"MUS",2024,6.3
"MUS",2025,6.3
"MUS",2026,6.3
"MUS",2027,6.3
"MUS",2028,6.3
"MUS",2029,6.3
"MEX",1980,1.2
"MEX",1981,0.9
"MEX",1982,4.2
"MEX",1983,6.1
"MEX",1984,5.6
"MEX",1985,4.4
"MEX",1986,4.3
"MEX",1987,3.9
"MEX",1988,3.5
"MEX",1989,2.9
"MEX",1990,2.7
"MEX",1991,2.7
"MEX",1992,2.8
"MEX",1993,3.4
"MEX",1994,3.7
"MEX",1995,6.2
"MEX",1996,5.5
"MEX",1997,3.7
"MEX",1998,3.2
"MEX",1999,2.5
"MEX",2000,2.2
"MEX",2001,2.8
"MEX",2002,3
"MEX",2003,3.4
"MEX",2004,3.9
"MEX",2005,3.5
"MEX",2006,3.5
"MEX",2007,3.6
"MEX",2008,3.9
"MEX",2009,5.3
"MEX",2010,5.3
"MEX",2011,5.2
"MEX",2012,4.9
"MEX",2013,4.9
"MEX",2014,4.8
"MEX",2015,4.3
"MEX",2016,3.9
"MEX",2017,3.4
"MEX",2018,3.3
"MEX",2019,3.5
"MEX",2020,4.4
"MEX",2021,4.1
"MEX",2022,3.3
"MEX",2023,2.8
"MEX",2024,3
"MEX",2025,3.3
"MEX",2026,3.4
"MEX",2027,3.5
"MEX",2028,3.6
"MEX",2029,3.6
"MDA",1993,2.9
"MDA",1994,15
"MDA",1995,14.4
"MDA",1996,13
"MDA",1997,12
"MDA",1998,9.2
"MDA",1999,11.1
"MDA",2000,8.5
"MDA",2001,7.3
"MDA",2002,6.8
"MDA",2003,7.9
"MDA",2004,8.1
"MDA",2005,7.3
"MDA",2006,7.4
"MDA",2007,5.1
"MDA",2008,4
"MDA",2009,6.4
"MDA",2010,7.4
"MDA",2011,6.7
"MDA",2012,5.6
"MDA",2013,5.1
"MDA",2014,3.9
"MDA",2015,5
"MDA",2016,4.2
"MDA",2017,4.1
"MDA",2018,3.1
"MDA",2019,5.1
"MDA",2020,3.8
"MDA",2021,3.3
"MDA",2022,4.6
"MDA",2023,4.5
"MDA",2024,3.5
"MDA",2025,3.5
"MDA",2026,3.5
"MDA",2027,3.5
"MDA",2028,3.5
"MDA",2029,3.5
"MNG",2007,11.3
"MNG",2008,9.2
"MNG",2009,11.6
"MNG",2010,9.9
"MNG",2011,7.7
"MNG",2012,8.2
"MNG",2013,7.9
"MNG",2014,7.9
"MNG",2015,7.5
"MNG",2016,10
"MNG",2017,8.8
"MNG",2018,7.8
"MNG",2019,10
"MNG",2020,7
"MNG",2021,8.1
"MNG",2022,6.7
"MNG",2023,5.4
"MNG",2024,5
"MNG",2025,5
"MNG",2026,5
"MNG",2027,5
"MNG",2028,5
"MNG",2029,5
"MAR",1995,16
"MAR",1996,15.5
"MAR",1997,15.4
"MAR",1998,15.2
"MAR",1999,13.8
"MAR",2000,13.4
"MAR",2001,12.3
"MAR",2002,11.3
"MAR",2003,11.5
"MAR",2004,10.8
"MAR",2005,11.1
"MAR",2006,9.7
"MAR",2007,9.8
"MAR",2008,9.6
"MAR",2009,9.1
"MAR",2010,9.1
"MAR",2011,8.9
"MAR",2012,9
"MAR",2013,9.2
"MAR",2014,9.9
"MAR",2015,9.7
"MAR",2016,9.4
"MAR",2017,10.2
"MAR",2018,9.5
"MAR",2019,9.2
"MAR",2020,11.9
"MAR",2021,12.3
"MAR",2022,11.8
"MAR",2023,13
"MAR",2024,13.4
"MAR",2025,12.6
"MAR",2026,12.1
"MAR",2027,11.6
"MAR",2028,11.4
"MAR",2029,11.4
"NLD",1980,3.4
"NLD",1981,4.6
"NLD",1982,6.5
"NLD",1983,8.3
"NLD",1984,8.1
"NLD",1985,7.3
"NLD",1986,6.5
"NLD",1987,6.3
"NLD",1988,6.2
"NLD",1989,5.7
"NLD",1990,5.1
"NLD",1991,4.8
"NLD",1992,4.9
"NLD",1993,5.5
"NLD",1994,6.2
"NLD",1995,7.7
"NLD",1996,7.1
"NLD",1997,6.1
"NLD",1998,4.9
"NLD",1999,4.1
"NLD",2000,3.7
"NLD",2001,3.1
"NLD",2002,3.7
"NLD",2003,5.9
"NLD",2004,6.8
"NLD",2005,7
"NLD",2006,6.1
"NLD",2007,5.3
"NLD",2008,4.8
"NLD",2009,5.4
"NLD",2010,6.1
"NLD",2011,6.1
"NLD",2012,6.8
"NLD",2013,8.2
"NLD",2014,8.3
"NLD",2015,7.9
"NLD",2016,7
"NLD",2017,5.9
"NLD",2018,4.9
"NLD",2019,4.4
"NLD",2020,4.9
"NLD",2021,4.2
"NLD",2022,3.5
"NLD",2023,3.6
"NLD",2024,3.9
"NLD",2025,4.2
"NLD",2026,4.5
"NLD",2027,4.7
"NLD",2028,4.8
"NLD",2029,5
"NZL",1980,4
"NZL",1981,3.9
"NZL",1982,4.4
"NZL",1983,6.2
"NZL",1984,7.2
"NZL",1985,3.9
"NZL",1986,4.2
"NZL",1987,4.2
"NZL",1988,5.8
"NZL",1989,7.3
"NZL",1990,8
"NZL",1991,10.6
"NZL",1992,10.7
"NZL",1993,9.8
"NZL",1994,8.4
"NZL",1995,6.5
"NZL",1996,6.3
"NZL",1997,6.9
"NZL",1998,7.7
"NZL",1999,7.1
"NZL",2000,6.2
"NZL",2001,5.5
"NZL",2002,5.3
"NZL",2003,4.8
"NZL",2004,4
"NZL",2005,3.8
"NZL",2006,3.9
"NZL",2007,3.6
"NZL",2008,4
"NZL",2009,5.9
"NZL",2010,6.2
"NZL",2011,6.1
"NZL",2012,6.5
"NZL",2013,5.8
"NZL",2014,5.4
"NZL",2015,5.4
"NZL",2016,5.2
"NZL",2017,4.8
"NZL",2018,4.3
"NZL",2019,4.1
"NZL",2020,4.6
"NZL",2021,3.8
"NZL",2022,3.3
"NZL",2023,3.7
"NZL",2024,5.1
"NZL",2025,5.1
"NZL",2026,4.5
"NZL",2027,4.4
"NZL",2028,4.4
"NZL",2029,4.4
"NIC",1980,13.4
"NIC",1981,11.8
"NIC",1982,12.4
"NIC",1983,11
"NIC",1984,12
"NIC",1985,12.5
"NIC",1986,13.1
"NIC",1987,14
"NIC",1988,14.2
"NIC",1989,15
"NIC",1990,15.5
"NIC",1991,14.9
"NIC",1992,14.4
"NIC",1993,15
"NIC",1994,17.1
"NIC",1995,16.9
"NIC",1996,16
"NIC",1997,14.3
"NIC",1998,13.2
"NIC",1999,10.7
"NIC",2000,9.8
"NIC",2001,6.4
"NIC",2002,12.2
"NIC",2003,7
"NIC",2004,6.5
"NIC",2005,5.6
"NIC",2006,5.2
"NIC",2007,5.9
"NIC",2008,6.1
"NIC",2009,8.2
"NIC",2010,7.8
"NIC",2011,5.9
"NIC",2012,5.9
"NIC",2013,5.7
"NIC",2014,6.6
"NIC",2015,5.9
"NIC",2016,4.5
"NIC",2017,3.7
"NIC",2018,5.5
"NIC",2019,5.3
"NIC",2020,6.6
"NIC",2021,11.1
"NIC",2022,7.5
"NIC",2023,7.2
"NIC",2024,6.8
"NIC",2025,6.4
"NIC",2026,6
"NIC",2027,5.5
"NIC",2028,4.9
"NIC",2029,4.2
"NGA",2010,5.1
"NGA",2011,6
"NGA",2012,10.6
"NGA",2013,10
"NGA",2014,7.8
"NGA",2015,9
"NGA",2016,13.4
"NGA",2017,17.5
"NGA",2018,22.6
"MKD",1996,32
"MKD",1997,36.1
"MKD",1998,34.5
"MKD",1999,32.4
"MKD",2000,31.7
"MKD",2001,30.5
"MKD",2002,31.9
"MKD",2003,36.7
"MKD",2004,37.2
"MKD",2005,37.3
"MKD",2006,36
"MKD",2007,34.9
"MKD",2008,33.8
"MKD",2009,32.2
"MKD",2010,32.1
"MKD",2011,31.4
"MKD",2012,31
"MKD",2013,29
"MKD",2014,28
"MKD",2015,26.1
"MKD",2016,23.8
"MKD",2017,22.3
"MKD",2018,20.6
"MKD",2019,17.2
"MKD",2020,16.2
"MKD",2021,15.4
"MKD",2022,14.4
"MKD",2023,13.1
"MKD",2024,13
"MKD",2025,12.8
"MKD",2026,12.7
"MKD",2027,12.6
"MKD",2028,12.5
"MKD",2029,12.5
"NOR",1980,1.6
"NOR",1981,2
"NOR",1982,2.6
"NOR",1983,3.4
"NOR",1984,3.1
"NOR",1985,2.6
"NOR",1986,2
"NOR",1987,2.1
"NOR",1988,3.1
"NOR",1989,4.9
"NOR",1990,5.2
"NOR",1991,5.5
"NOR",1992,5.9
"NOR",1993,5.9
"NOR",1994,5.4
"NOR",1995,4.9
"NOR",1996,4.8
"NOR",1997,4
"NOR",1998,3.2
"NOR",1999,3.2
"NOR",2000,3.4
"NOR",2001,3.5
"NOR",2002,3.9
"NOR",2003,4.5
"NOR",2004,4.5
"NOR",2005,4.6
"NOR",2006,3.4
"NOR",2007,2.5
"NOR",2008,2.7
"NOR",2009,3.3
"NOR",2010,3.8
"NOR",2011,3.4
"NOR",2012,3.3
"NOR",2013,3.8
"NOR",2014,3.6
"NOR",2015,4.5
"NOR",2016,4.7
"NOR",2017,4.2
"NOR",2018,3.9
"NOR",2019,3.7
"NOR",2020,4.6
"NOR",2021,4.4
"NOR",2022,3.3
"NOR",2023,3.6
"NOR",2024,4.3
"NOR",2025,3.8
"NOR",2026,3.8
"NOR",2027,3.8
"NOR",2028,3.8
"NOR",2029,3.8
"PAK",1983,3.9
"PAK",1984,3.8
"PAK",1985,3.6
"PAK",1986,3.3
"PAK",1987,3.1
"PAK",1988,3.1
"PAK",1989,3.1
"PAK",1990,3.1
"PAK",1991,5.9
"PAK",1992,5.9
"PAK",1993,4.7
"PAK",1994,4.8
"PAK",1995,5.4
"PAK",1996,5.4
"PAK",1997,6.1
"PAK",1998,5.9
"PAK",1999,5.9
"PAK",2000,7.8
"PAK",2001,7.8
"PAK",2002,8.3
"PAK",2003,8.3
"PAK",2004,7.7
"PAK",2005,7.7
"PAK",2006,6.2
"PAK",2007,5.2
"PAK",2008,5.2
"PAK",2009,5.5
"PAK",2010,5.6
"PAK",2011,6
"PAK",2012,6
"PAK",2013,6
"PAK",2014,6
"PAK",2015,5.9
"PAK",2016,5.9
"PAK",2017,5.8
"PAK",2018,5.8
"PAK",2019,6.9
"PAK",2020,6.6
"PAK",2021,6.3
"PAK",2022,6.2
"PAK",2023,8.5
"PAK",2024,8
"PAK",2025,7.5
"PAK",2026,6.5
"PAK",2027,5.5
"PAK",2028,5
"PAK",2029,6
"PAN",1980,8.4
"PAN",1981,9.2
"PAN",1982,11
"PAN",1983,11.6
"PAN",1984,12.2
"PAN",1985,14.4
"PAN",1986,12.5
"PAN",1987,14.1
"PAN",1988,18.8
"PAN",1989,18.9
"PAN",1990,16.7
"PAN",1991,16
"PAN",1992,14.7
"PAN",1993,13.3
"PAN",1994,14
"PAN",1995,14
"PAN",1996,14.3
"PAN",1997,13.4
"PAN",1998,11.6
"PAN",1999,9.5
"PAN",2000,13.5
"PAN",2001,14
"PAN",2002,13.5
"PAN",2003,13
"PAN",2004,11.7
"PAN",2005,9.8
"PAN",2006,8.7
"PAN",2007,6.4
"PAN",2008,5.6
"PAN",2009,6.6
"PAN",2010,6.5
"PAN",2011,4.5
"PAN",2012,4.1
"PAN",2013,4.1
"PAN",2014,4.8
"PAN",2015,5.1
"PAN",2016,5.5
"PAN",2017,6.1
"PAN",2018,6
"PAN",2019,7.1
"PAN",2020,18.5
"PAN",2021,11.3
"PAN",2022,8.8
"PAN",2023,7.4
"PAN",2024,8.4
"PAN",2025,8
"PAN",2026,7.7
"PAN",2027,7.7
"PAN",2028,7.7
"PAN",2029,7.7
"PRY",1983,8.3
"PRY",1984,7.3
"PRY",1985,5.1
"PRY",1986,6.1
"PRY",1987,5.5
"PRY",1988,4.7
"PRY",1989,6.1
"PRY",1990,6.6
"PRY",1991,5.1
"PRY",1992,5.3
"PRY",1993,5.1
"PRY",1994,4.4
"PRY",1995,3.3
"PRY",1996,8.2
"PRY",1997,5
"PRY",1998,5.8
"PRY",1999,6.8
"PRY",2000,7.3
"PRY",2001,7.6
"PRY",2002,10.8
"PRY",2003,8.1
"PRY",2004,7.3
"PRY",2005,5.8
"PRY",2006,6.7
"PRY",2007,5.6
"PRY",2008,5.7
"PRY",2009,6.4
"PRY",2010,5.7
"PRY",2011,5.6
"PRY",2012,4.6
"PRY",2013,5
"PRY",2014,6
"PRY",2015,5.4
"PRY",2016,6
"PRY",2017,6.1
"PRY",2018,6.2
"PRY",2019,6.6
"PRY",2020,7.7
"PRY",2021,7.5
"PRY",2022,6.8
"PRY",2023,6.2
"PRY",2024,6.3
"PRY",2025,6.3
"PRY",2026,6.3
"PRY",2027,6.3
"PRY",2028,6.3
"PRY",2029,6.3
"PER",1980,7.3
"PER",1981,6.8
"PER",1982,6.4
"PER",1983,9
"PER",1984,8.9
"PER",1985,4.6
"PER",1986,5.3
"PER",1987,4.8
"PER",1988,4.2
"PER",1989,7.9
"PER",1990,8.3
"PER",1991,5.9
"PER",1992,9.4
"PER",1993,9.9
"PER",1994,8.8
"PER",1995,7.1
"PER",1996,7.2
"PER",1997,8.6
"PER",1998,6.9
"PER",1999,9.4
"PER",2000,7.8
"PER",2001,9.2
"PER",2002,9.4
"PER",2003,9.4
"PER",2004,9.4
"PER",2005,9.6
"PER",2006,8.5
"PER",2007,8.4
"PER",2008,8.4
"PER",2009,8.4
"PER",2010,7.9
"PER",2011,7.7
"PER",2012,6.8
"PER",2013,6
"PER",2014,5.6
"PER",2015,6.5
"PER",2016,6.8
"PER",2017,6.9
"PER",2018,6.7
"PER",2019,6.6
"PER",2020,13
"PER",2021,10.7
"PER",2022,7.8
"PER",2023,6.8
"PER",2024,6.8
"PER",2025,6.5
"PER",2026,6.5
"PER",2027,6.5
"PER",2028,6.5
"PER",2029,6.5
"PHL",1985,11.1
"PHL",1986,11.7
"PHL",1987,11.1
"PHL",1988,9.4
"PHL",1989,9.1
"PHL",1990,8.4
"PHL",1991,10.5
"PHL",1992,9.8
"PHL",1993,9.3
"PHL",1994,9.5
"PHL",1995,9.5
"PHL",1996,8.5
"PHL",1997,8.7
"PHL",1998,10.1
"PHL",1999,9.7
"PHL",2000,11.2
"PHL",2001,11.1
"PHL",2002,11.4
"PHL",2003,11.4
"PHL",2004,11.8
"PHL",2005,11.4
"PHL",2006,8
"PHL",2007,7.3
"PHL",2008,7.4
"PHL",2009,7.5
"PHL",2010,7.3
"PHL",2011,7
"PHL",2012,7
"PHL",2013,7.1
"PHL",2014,6.8
"PHL",2015,6.3
"PHL",2016,5.5
"PHL",2017,5.7
"PHL",2018,5.3
"PHL",2019,5.1
"PHL",2020,10.4
"PHL",2021,7.8
"PHL",2022,5.4
"PHL",2023,4.4
"PHL",2024,4.4
"PHL",2025,5.2
"PHL",2026,5.2
"PHL",2027,5.2
"PHL",2028,5.2
"PHL",2029,5.2
"POL",1990,6.3
"POL",1991,11.8
"POL",1992,13.6
"POL",1993,16.4
"POL",1994,11.4
"POL",1995,13.3
"POL",1996,12.3
"POL",1997,11.2
"POL",1998,10.6
"POL",1999,13.1
"POL",2000,16.1
"POL",2001,18.2
"POL",2002,20.2
"POL",2003,19.9
"POL",2004,19.3
"POL",2005,18.1
"POL",2006,14.2
"POL",2007,9.9
"POL",2008,7.5
"POL",2009,8.5
"POL",2010,9.6
"POL",2011,9.6
"POL",2012,10.1
"POL",2013,10.3
"POL",2014,9
"POL",2015,7.5
"POL",2016,6.2
"POL",2017,4.9
"POL",2018,3.8
"POL",2019,3.3
"POL",2020,3.2
"POL",2021,3.4
"POL",2022,2.9
"POL",2023,2.8
"POL",2024,3.2
"POL",2025,3.3
"POL",2026,3.3
"POL",2027,3.3
"POL",2028,3.4
"POL",2029,3.5
"PRT",1980,7.8
"PRT",1981,8.3
"PRT",1982,7.5
"PRT",1983,7.9
"PRT",1984,10.5
"PRT",1985,8.7
"PRT",1986,8.6
"PRT",1987,7.1
"PRT",1988,7.1
"PRT",1989,5.1
"PRT",1990,4.2
"PRT",1991,4.1
"PRT",1992,3.9
"PRT",1993,5.1
"PRT",1994,6.3
"PRT",1995,7.9
"PRT",1996,8
"PRT",1997,7.5
"PRT",1998,5.7
"PRT",1999,5.2
"PRT",2000,4.7
"PRT",2001,4.8
"PRT",2002,5.8
"PRT",2003,7
"PRT",2004,7.4
"PRT",2005,8.3
"PRT",2006,8.4
"PRT",2007,8.7
"PRT",2008,8.3
"PRT",2009,10.2
"PRT",2010,11.5
"PRT",2011,13.6
"PRT",2012,16.6
"PRT",2013,17.2
"PRT",2014,14.5
"PRT",2015,12.9
"PRT",2016,11.3
"PRT",2017,9.2
"PRT",2018,7.2
"PRT",2019,6.7
"PRT",2020,7.1
"PRT",2021,6.7
"PRT",2022,6.2
"PRT",2023,6.6
"PRT",2024,6.5
"PRT",2025,6.4
"PRT",2026,6.3
"PRT",2027,6.2
"PRT",2028,6.2
"PRT",2029,6.2
"PRI",1980,17.1
"PRI",1981,19.8
"PRI",1982,22.8
"PRI",1983,23.4
"PRI",1984,20.7
"PRI",1985,21.8
"PRI",1986,18.9
"PRI",1987,16.8
"PRI",1988,15
"PRI",1989,14.6
"PRI",1990,14.2
"PRI",1991,16
"PRI",1992,16.7
"PRI",1993,17
"PRI",1994,14.6
"PRI",1995,13.7
"PRI",1996,13.4
"PRI",1997,13.5
"PRI",1998,13.3
"PRI",1999,11.7
"PRI",2000,10.1
"PRI",2001,11.4
"PRI",2002,12.3
"PRI",2003,12
"PRI",2004,10.6
"PRI",2005,11.3
"PRI",2006,10.5
"PRI",2007,11.2
"PRI",2008,11.8
"PRI",2009,15.3
"PRI",2010,16.4
"PRI",2011,15.9
"PRI",2012,14.5
"PRI",2013,14.3
"PRI",2014,13.9
"PRI",2015,12.1
"PRI",2016,11.8
"PRI",2017,10.8
"PRI",2018,9.2
"PRI",2019,8.3
"PRI",2020,8.8
"PRI",2021,8
"PRI",2022,6
"PRI",2023,5.9
"PRI",2024,6.2
"PRI",2025,6.5
"PRI",2026,6.1
"PRI",2027,5.9
"PRI",2028,6
"PRI",2029,5.9
"ROU",1985,4
"ROU",1986,3.9
"ROU",1987,3.7
"ROU",1988,3.7
"ROU",1989,3.4
"ROU",1990,3.4
"ROU",1991,3.5
"ROU",1992,5.4
"ROU",1993,9.2
"ROU",1994,11
"ROU",1995,9.9
"ROU",1996,7.3
"ROU",1997,7.9
"ROU",1998,9.6
"ROU",1999,7.2
"ROU",2000,7.6
"ROU",2001,7.4
"ROU",2002,8.3
"ROU",2003,7.8
"ROU",2004,8
"ROU",2005,7.1
"ROU",2006,7.2
"ROU",2007,6.3
"ROU",2008,5.6
"ROU",2009,8.4
"ROU",2010,9
"ROU",2011,9.1
"ROU",2012,8.7
"ROU",2013,9
"ROU",2014,8.6
"ROU",2015,8.4
"ROU",2016,7.2
"ROU",2017,6.1
"ROU",2018,5.3
"ROU",2019,4.9
"ROU",2020,6.1
"ROU",2021,5.6
"ROU",2022,5.6
"ROU",2023,5.6
"ROU",2024,5.6
"ROU",2025,5.4
"ROU",2026,5.2
"ROU",2027,5.1
"ROU",2028,5.1
"ROU",2029,5
"RUS",1992,5.2
"RUS",1993,5.9
"RUS",1994,8.1
"RUS",1995,8.3
"RUS",1996,9.3
"RUS",1997,10.8
"RUS",1998,11.9
"RUS",1999,13
"RUS",2000,10.6
"RUS",2001,8.9
"RUS",2002,8
"RUS",2003,8.2
"RUS",2004,7.7
"RUS",2005,7.2
"RUS",2006,7.1
"RUS",2007,6
"RUS",2008,6.2
"RUS",2009,8.2
"RUS",2010,7.4
"RUS",2011,6.5
"RUS",2012,5.5
"RUS",2013,5.5
"RUS",2014,5.2
"RUS",2015,5.6
"RUS",2016,5.5
"RUS",2017,5.2
"RUS",2018,4.8
"RUS",2019,4.6
"RUS",2020,5.8
"RUS",2021,4.8
"RUS",2022,4
"RUS",2023,3.2
"RUS",2024,2.6
"RUS",2025,3
"RUS",2026,3.6
"RUS",2027,4
"RUS",2028,4.4
"RUS",2029,4.7
"STP",1980,13.6
"STP",1981,13.6
"STP",1982,13.6
"STP",1983,13.6
"STP",1984,13.6
"STP",1985,13.6
"STP",1986,13.6
"STP",1987,13.6
"STP",1988,13.6
"STP",1989,15.1
"STP",1990,15.9
"STP",1991,16.8
"STP",1992,15.6
"STP",1993,14.9
"STP",1994,14.6
"STP",1995,14.4
"STP",1996,14.1
"STP",1997,14.4
"STP",1998,14.4
"STP",1999,14.4
"STP",2000,14.4
"STP",2001,15.7
"STP",2002,17.6
"STP",2003,16.4
"STP",2004,16.1
"STP",2005,16.5
"STP",2006,16.6
"STP",2007,15.9
"STP",2008,15.7
"STP",2009,15.1
"STP",2010,14.6
"STP",2011,14.1
"STP",2012,13.6
"STP",2013,13.5
"STP",2014,13.5
"STP",2015,13.4
"STP",2016,13.4
"STP",2017,13.5
"SAU",1999,4.3
"SAU",2000,4.6
"SAU",2001,4.6
"SAU",2002,5.3
"SAU",2003,5.6
"SAU",2004,5.8
"SAU",2005,6.1
"SAU",2006,6.3
"SAU",2007,5.6
"SAU",2008,5.2
"SAU",2009,5.4
"SAU",2010,5.5
"SAU",2011,5.8
"SAU",2012,5.5
"SAU",2013,5.6
"SAU",2014,5.7
"SAU",2015,5.6
"SAU",2016,5.6
"SAU",2017,5.9
"SAU",2018,6
"SAU",2019,5.6
"SAU",2020,7.7
"SAU",2021,6.1
"SAU",2022,4.9
"SAU",2023,3.8
"SRB",1997,12.3
"SRB",1998,12.8
"SRB",1999,13.3
"SRB",2000,12.1
"SRB",2001,12.2
"SRB",2002,14.5
"SRB",2003,16
"SRB",2004,19.5
"SRB",2005,21.8
"SRB",2006,21.6
"SRB",2007,18.8
"SRB",2008,14.4
"SRB",2009,16.9
"SRB",2010,20
"SRB",2011,23.6
"SRB",2012,24.6
"SRB",2013,23
"SRB",2014,20.6
"SRB",2015,18.9
"SRB",2016,16.4
"SRB",2017,14.5
"SRB",2018,13.7
"SRB",2019,11.2
"SRB",2020,9.7
"SRB",2021,11.1
"SRB",2022,9.5
"SRB",2023,9.4
"SRB",2024,9.1
"SRB",2025,9
"SRB",2026,8.9
"SRB",2027,8.9
"SRB",2028,8.8
"SRB",2029,8.8
"SYC",1995,7.7
"SYC",1996,7.5
"SYC",1997,6.8
"SYC",1998,4.2
"SYC",1999,3.2
"SYC",2000,3.1
"SYC",2001,4.4
"SYC",2002,4.1
"SYC",2003,3.2
"SYC",2004,3.5
"SYC",2005,3.6
"SYC",2006,2.5
"SYC",2007,1.9
"SYC",2008,1.7
"SYC",2009,5.1
"SYC",2010,4.6
"SYC",2011,4.1
"SYC",2012,3.7
"SYC",2013,3.3
"SYC",2014,3
"SYC",2015,2.7
"SYC",2016,2.7
"SYC",2017,3
"SYC",2018,3
"SYC",2019,3
"SYC",2020,3
"SYC",2021,3
"SYC",2022,3
"SYC",2023,3
"SYC",2024,3
"SYC",2025,3
"SYC",2026,3
"SYC",2027,3
"SYC",2028,3
"SYC",2029,3
"SGP",1980,5.8
"SGP",1981,5.9
"SGP",1982,6.3
"SGP",1983,5.6
"SGP",1984,6.1
"SGP",1985,4.6
"SGP",1986,2
"SGP",1987,3.9
"SGP",1988,2.6
"SGP",1989,1.8
"SGP",1990,1.8
"SGP",1991,1.8
"SGP",1992,1.8
"SGP",1993,1.7
"SGP",1994,1.7
"SGP",1995,1.8
"SGP",1996,1.7
"SGP",1997,1.4
"SGP",1998,2.5
"SGP",1999,2.8
"SGP",2000,2.7
"SGP",2001,2.7
"SGP",2002,3.6
"SGP",2003,4
"SGP",2004,3.4
"SGP",2005,3.1
"SGP",2006,2.7
"SGP",2007,2.1
"SGP",2008,2.2
"SGP",2009,3
"SGP",2010,2.2
"SGP",2011,2
"SGP",2012,2
"SGP",2013,1.9
"SGP",2014,2
"SGP",2015,1.9
"SGP",2016,2.1
"SGP",2017,2.2
"SGP",2018,2.1
"SGP",2019,2.3
"SGP",2020,3
"SGP",2021,2.7
"SGP",2022,2.1
"SGP",2023,1.9
"SGP",2024,1.9
"SGP",2025,1.9
"SGP",2026,1.9
"SGP",2027,1.9
"SGP",2028,1.9
"SGP",2029,1.9
"SVK",1993,12.7
"SVK",1994,14.6
"SVK",1995,13.7
"SVK",1996,12.6
"SVK",1997,11.9
"SVK",1998,12.7
"SVK",1999,16.5
"SVK",2000,18.9
"SVK",2001,19.5
"SVK",2002,18.8
"SVK",2003,17.7
"SVK",2004,18.4
"SVK",2005,16.4
"SVK",2006,13.4
"SVK",2007,11.2
"SVK",2008,9.6
"SVK",2009,12.1
"SVK",2010,14.4
"SVK",2011,13.6
"SVK",2012,13.9
"SVK",2013,14.2
"SVK",2014,13.1
"SVK",2015,11.5
"SVK",2016,9.7
"SVK",2017,8.1
"SVK",2018,6.5
"SVK",2019,5.7
"SVK",2020,6.6
"SVK",2021,6.8
"SVK",2022,6.2
"SVK",2023,5.8
"SVK",2024,5.6
"SVK",2025,5.7
"SVK",2026,5.8
"SVK",2027,5.7
"SVK",2028,5.6
"SVK",2029,5.6
"SVN",1992,7.8
"SVN",1993,8.6
"SVN",1994,8.5
"SVN",1995,7
"SVN",1996,6.9
"SVN",1997,6.9
"SVN",1998,7.4
"SVN",1999,7.4
"SVN",2000,6.8
"SVN",2001,6.8
"SVN",2002,6.4
"SVN",2003,6.7
"SVN",2004,6.3
"SVN",2005,6.6
"SVN",2006,6
"SVN",2007,4.9
"SVN",2008,4.4
"SVN",2009,5.9
"SVN",2010,7.3
"SVN",2011,8.2
"SVN",2012,8.9
"SVN",2013,10.1
"SVN",2014,9.8
"SVN",2015,9
"SVN",2016,8
"SVN",2017,6.6
"SVN",2018,5.1
"SVN",2019,4.5
"SVN",2020,5
"SVN",2021,4.7
"SVN",2022,4
"SVN",2023,3.7
"SVN",2024,3.5
"SVN",2025,3.5
"SVN",2026,3.6
"SVN",2027,3.7
"SVN",2028,3.9
"SVN",2029,4
"ZAF",1980,9.2
"ZAF",1981,9.8
"ZAF",1982,10.8
"ZAF",1983,12.5
"ZAF",1984,13.7
"ZAF",1985,15.5
"ZAF",1986,16
"ZAF",1987,16.6
"ZAF",1988,17.2
"ZAF",1989,17.8
"ZAF",1990,18.8
"ZAF",1991,20.2
"ZAF",1992,21.2
"ZAF",1993,22.2
"ZAF",1994,22.9
"ZAF",1995,16.5
"ZAF",1996,20.3
"ZAF",1997,22
"ZAF",1998,26.1
"ZAF",1999,23.3
"ZAF",2000,23
"ZAF",2001,26
"ZAF",2002,27.8
"ZAF",2003,27.7
"ZAF",2004,25.2
"ZAF",2005,24.7
"ZAF",2006,23.6
"ZAF",2007,23
"ZAF",2008,22.5
"ZAF",2009,23.7
"ZAF",2010,24.9
"ZAF",2011,24.8
"ZAF",2012,24.9
"ZAF",2013,24.7
"ZAF",2014,25.1
"ZAF",2015,25.4
"ZAF",2016,26.7
"ZAF",2017,27.5
"ZAF",2018,27.1
"ZAF",2019,28.7
"ZAF",2020,29.2
"ZAF",2021,34.3
"ZAF",2022,33.5
"ZAF",2023,33.1
"ZAF",2024,33.7
"ZAF",2025,33.9
"ZAF",2026,34.1
"ZAF",2027,34.3
"ZAF",2028,34.5
"ZAF",2029,34.7
"ESP",1980,11
"ESP",1981,13.8
"ESP",1982,15.8
"ESP",1983,17.2
"ESP",1984,19.9
"ESP",1985,21.3
"ESP",1986,20.9
"ESP",1987,20.2
"ESP",1988,19.2
"ESP",1989,17.2
"ESP",1990,16.2
"ESP",1991,16.3
"ESP",1992,18.4
"ESP",1993,22.6
"ESP",1994,24.1
"ESP",1995,22.9
"ESP",1996,22.1
"ESP",1997,20.6
"ESP",1998,18.6
"ESP",1999,15.6
"ESP",2000,13.9
"ESP",2001,10.5
"ESP",2002,11.5
"ESP",2003,11.5
"ESP",2004,11
"ESP",2005,9.2
"ESP",2006,8.5
"ESP",2007,8.2
"ESP",2008,11.2
"ESP",2009,17.9
"ESP",2010,19.9
"ESP",2011,21.4
"ESP",2012,24.8
"ESP",2013,26.1
"ESP",2014,24.4
"ESP",2015,22.1
"ESP",2016,19.6
"ESP",2017,17.2
"ESP",2018,15.3
"ESP",2019,14.1
"ESP",2020,15.5
"ESP",2021,14.9
"ESP",2022,13
"ESP",2023,12.2
"ESP",2024,11.6
"ESP",2025,11.2
"ESP",2026,11.1
"ESP",2027,11
"ESP",2028,11
"ESP",2029,11
"LKA",1990,15.9
"LKA",1991,14.7
"LKA",1992,14.6
"LKA",1993,13.8
"LKA",1994,13.1
"LKA",1995,12.3
"LKA",1996,11.3
"LKA",1997,10.5
"LKA",1998,9.2
"LKA",1999,8.9
"LKA",2000,7.6
"LKA",2001,7.9
"LKA",2002,8.8
"LKA",2003,8.4
"LKA",2004,8.3
"LKA",2005,7.7
"LKA",2006,6.6
"LKA",2007,6.2
"LKA",2008,6
"LKA",2009,5.9
"LKA",2010,5
"LKA",2011,4.1
"LKA",2012,4
"LKA",2013,4.4
"LKA",2014,4.3
"LKA",2015,4.7
"LKA",2016,4.4
"LKA",2017,4.2
"LKA",2018,4.4
"LKA",2019,4.8
"LKA",2020,5.5
"LKA",2021,5.1
"LKA",2022,5.3
"SDN",1981,22.3
"SDN",1982,22.2
"SDN",1983,21.4
"SDN",1984,20.7
"SDN",1985,19.9
"SDN",1986,19.2
"SDN",1987,18.5
"SDN",1988,17.9
"SDN",1989,17.2
"SDN",1990,16.6
"SDN",1991,16
"SDN",1992,15.4
"SDN",1993,15.8
"SDN",1994,15.2
"SDN",1995,14.6
"SDN",1996,14
"SDN",1997,13.5
"SDN",1998,13
"SDN",1999,12.5
"SDN",2000,15.2
"SDN",2001,15
"SDN",2002,15.9
"SDN",2003,15.8
"SDN",2004,16.2
"SDN",2005,17
"SDN",2006,17.5
"SDN",2007,16.8
"SDN",2008,16
"SDN",2009,14.9
"SDN",2010,13.7
"SDN",2011,12
"SDN",2012,14.8
"SDN",2013,15.2
"SDN",2014,19.8
"SDN",2015,21.6
"SDN",2016,20.6
"SDN",2017,19.6
"SDN",2018,19.5
"SDN",2019,22.1
"SDN",2020,26.8
"SDN",2021,28.3
"SDN",2022,32.1
"SDN",2023,46
"SDN",2024,58
"SDN",2025,55.7
"SDN",2026,51
"SDN",2027,48.9
"SDN",2028,47.4
"SDN",2029,46.4
"SUR",1994,12.4
"SUR",1995,8.4
"SUR",1996,10.9
"SUR",1997,9.8
"SUR",1998,10.6
"SUR",1999,12
"SUR",2000,13.8
"SUR",2001,13.7
"SUR",2002,9.7
"SUR",2003,6.5
"SUR",2004,8.4
"SUR",2005,11.1
"SUR",2006,12.3
"SUR",2007,10.7
"SUR",2008,9.4
"SUR",2009,8.7
"SUR",2010,7.2
"SUR",2011,7.5
"SUR",2012,8.1
"SUR",2013,6.6
"SUR",2014,5.5
"SUR",2015,7
"SUR",2016,10
"SUR",2017,7
"SUR",2018,9
"SUR",2019,8.8
"SUR",2020,11.1
"SUR",2021,11.2
"SUR",2022,10.9
"SUR",2023,10.6
"SUR",2024,10.3
"SUR",2025,10
"SUR",2026,9.9
"SUR",2027,8.7
"SUR",2028,8.2
"SUR",2029,7.7
"SWE",1980,2.7
"SWE",1981,3.4
"SWE",1982,4.3
"SWE",1983,4.8
"SWE",1984,4.2
"SWE",1985,3.9
"SWE",1986,3.6
"SWE",1987,2.9
"SWE",1988,2.4
"SWE",1989,2
"SWE",1990,2.2
"SWE",1991,4
"SWE",1992,7.1
"SWE",1993,11.2
"SWE",1994,10.8
"SWE",1995,10.4
"SWE",1996,10.9
"SWE",1997,10.9
"SWE",1998,8.8
"SWE",1999,7.6
"SWE",2000,6.3
"SWE",2001,6
"SWE",2002,6.1
"SWE",2003,6.7
"SWE",2004,7.5
"SWE",2005,7.9
"SWE",2006,7.2
"SWE",2007,6.2
"SWE",2008,6.3
"SWE",2009,8.4
"SWE",2010,8.7
"SWE",2011,7.9
"SWE",2012,8.1
"SWE",2013,8.1
"SWE",2014,8
"SWE",2015,7.5
"SWE",2016,7.1
"SWE",2017,6.8
"SWE",2018,6.4
"SWE",2019,6.9
"SWE",2020,8.5
"SWE",2021,8.9
"SWE",2022,7.5
"SWE",2023,7.7
"SWE",2024,8.5
"SWE",2025,8.3
"SWE",2026,8
"SWE",2027,7.7
"SWE",2028,7.5
"SWE",2029,7.3
"CHE",1980,0.2
"CHE",1981,0.2
"CHE",1982,0.4
"CHE",1983,0.9
"CHE",1984,1.1
"CHE",1985,1
"CHE",1986,0.8
"CHE",1987,0.8
"CHE",1988,0.7
"CHE",1989,0.6
"CHE",1990,0.5
"CHE",1991,1.1
"CHE",1992,2.5
"CHE",1993,4.5
"CHE",1994,4.7
"CHE",1995,4.2
"CHE",1996,4.7
"CHE",1997,5.2
"CHE",1998,3.9
"CHE",1999,2.7
"CHE",2000,1.8
"CHE",2001,1.7
"CHE",2002,2.5
"CHE",2003,3.7
"CHE",2004,3.9
"CHE",2005,3.8
"CHE",2006,3.3
"CHE",2007,2.8
"CHE",2008,2.6
"CHE",2009,3.7
"CHE",2010,3.5
"CHE",2011,2.8
"CHE",2012,2.9
"CHE",2013,3.2
"CHE",2014,3
"CHE",2015,3.2
"CHE",2016,3.3
"CHE",2017,3.1
"CHE",2018,2.5
"CHE",2019,2.3
"CHE",2020,3.2
"CHE",2021,3
"CHE",2022,2.2
"CHE",2023,2
"CHE",2024,2.4
"CHE",2025,2.5
"CHE",2026,2.5
"CHE",2027,2.5
"CHE",2028,2.5
"CHE",2029,2.5
"SYR",1997,16.8
"SYR",1998,12.4
"SYR",1999,13.5
"SYR",2000,13.5
"SYR",2001,8.2
"SYR",2002,11.7
"SYR",2003,10.8
"SYR",2004,12.3
"SYR",2005,8.1
"SYR",2006,8.2
"SYR",2007,8.4
"SYR",2008,10.9
"SYR",2009,8.1
"SYR",2010,8.6
"TWN",1980,1.2
"TWN",1981,1.4
"TWN",1982,2.1
"TWN",1983,2.7
"TWN",1984,2.5
"TWN",1985,2.9
"TWN",1986,2.7
"TWN",1987,2
"TWN",1988,1.7
"TWN",1989,1.6
"TWN",1990,1.7
"TWN",1991,1.5
"TWN",1992,1.5
"TWN",1993,1.5
"TWN",1994,1.6
"TWN",1995,1.8
"TWN",1996,2.6
"TWN",1997,2.7
"TWN",1998,2.7
"TWN",1999,2.9
"TWN",2000,3
"TWN",2001,4.6
"TWN",2002,5.2
"TWN",2003,5
"TWN",2004,4.4
"TWN",2005,4.1
"TWN",2006,3.9
"TWN",2007,3.9
"TWN",2008,4.1
"TWN",2009,5.9
"TWN",2010,5.2
"TWN",2011,4.4
"TWN",2012,4.2
"TWN",2013,4.2
"TWN",2014,4
"TWN",2015,3.8
"TWN",2016,3.9
"TWN",2017,3.8
"TWN",2018,3.7
"TWN",2019,3.7
"TWN",2020,3.9
"TWN",2021,4
"TWN",2022,3.7
"TWN",2023,3.7
"TWN",2024,3.7
"TWN",2025,3.7
"TWN",2026,3.7
"TWN",2027,3.7
"TWN",2028,3.7
"TWN",2029,3.7
"TJK",1999,3.2
"TJK",2000,2.6
"TJK",2001,2.5
"TJK",2002,2.6
"TJK",2003,2.3
"TJK",2004,2.2
"TJK",2005,2.1
"TJK",2006,2.3
"TJK",2007,2.5
"TJK",2008,2.3
"TJK",2009,2.1
"TJK",2010,2.2
"TJK",2011,2.5
"THA",1990,2.2
"THA",1991,3.1
"THA",1992,2.8
"THA",1993,2.6
"THA",1994,2.6
"THA",1995,1.7
"THA",1996,1.5
"THA",1997,1.5
"THA",1998,4.4
"THA",1999,4.2
"THA",2000,3.6
"THA",2001,3.3
"THA",2002,2.4
"THA",2003,2.2
"THA",2004,2.1
"THA",2005,1.9
"THA",2006,1.5
"THA",2007,1.4
"THA",2008,1.4
"THA",2009,1.5
"THA",2010,1
"THA",2011,0.7
"THA",2012,0.7
"THA",2013,0.7
"THA",2014,0.8
"THA",2015,0.9
"THA",2016,1
"THA",2017,1.2
"THA",2018,1.1
"THA",2019,1
"THA",2020,1.7
"THA",2021,1.9
"THA",2022,1.3
"THA",2023,1
"THA",2024,1.1
"THA",2025,1
"THA",2026,1
"THA",2027,1
"THA",2028,1
"THA",2029,1
"TUN",1990,16.2
"TUN",1991,16.2
"TUN",1992,16.2
"TUN",1993,16.3
"TUN",1994,16.3
"TUN",1995,16.2
"TUN",1996,16.1
"TUN",1997,15.9
"TUN",1998,16.1
"TUN",1999,16
"TUN",2000,15.7
"TUN",2001,15.1
"TUN",2002,15.3
"TUN",2003,14.5
"TUN",2004,14.2
"TUN",2005,12.8
"TUN",2006,12.5
"TUN",2007,12.4
"TUN",2008,12.4
"TUN",2009,13.3
"TUN",2010,13
"TUN",2011,18.9
"TUN",2012,16.7
"TUN",2013,15.3
"TUN",2014,15
"TUN",2015,15.4
"TUN",2016,15.5
"TUN",2017,15.5
"TUN",2018,15.5
"TUN",2019,14.9
"TUN",2020,17.4
"TUN",2021,16.2
"TUN",2022,15.2
"TUN",2023,16.4
"TUR",1980,7.2
"TUR",1981,7.2
"TUR",1982,7.6
"TUR",1983,7.5
"TUR",1984,7.4
"TUR",1985,6.9
"TUR",1986,7.7
"TUR",1987,8.1
"TUR",1988,8.7
"TUR",1989,8.6
"TUR",1990,8
"TUR",1991,7.7
"TUR",1992,7.9
"TUR",1993,8.4
"TUR",1994,8
"TUR",1995,7.1
"TUR",1996,6.1
"TUR",1997,6.3
"TUR",1998,6.4
"TUR",1999,7.2
"TUR",2000,6
"TUR",2001,7.8
"TUR",2002,9.8
"TUR",2003,9.9
"TUR",2004,9.7
"TUR",2005,9.2
"TUR",2006,8.7
"TUR",2007,8.9
"TUR",2008,9.8
"TUR",2009,12.9
"TUR",2010,11
"TUR",2011,9
"TUR",2012,8.3
"TUR",2013,8.9
"TUR",2014,9.9
"TUR",2015,10.3
"TUR",2016,10.9
"TUR",2017,10.9
"TUR",2018,10.9
"TUR",2019,13.7
"TUR",2020,13.1
"TUR",2021,12
"TUR",2022,10.4
"TUR",2023,9.4
"TUR",2024,9.3
"TUR",2025,9.9
"TUR",2026,9.6
"TUR",2027,9.5
"TUR",2028,9.3
"TUR",2029,9.2
"UKR",1995,14.8
"UKR",1996,10
"UKR",1997,9.8
"UKR",1998,11.3
"UKR",1999,11.9
"UKR",2000,11.5
"UKR",2001,10.8
"UKR",2002,9.6
"UKR",2003,9.1
"UKR",2004,8.6
"UKR",2005,7.2
"UKR",2006,6.8
"UKR",2007,6.4
"UKR",2008,6.4
"UKR",2009,8.8
"UKR",2010,8.1
"UKR",2011,7.9
"UKR",2012,7.5
"UKR",2013,7.2
"UKR",2014,9.3
"UKR",2015,9.1
"UKR",2016,9.5
"UKR",2017,9.7
"UKR",2018,9
"UKR",2019,8.5
"UKR",2020,9.2
"UKR",2021,9.8
"UKR",2022,24.5
"UKR",2023,19.1
"UKR",2024,14.2
"UKR",2025,12.7
"UKR",2026,10.4
"UKR",2027,9.4
"UKR",2028,8.7
"UKR",2029,8.5
"GBR",1980,7.1
"GBR",1981,9.7
"GBR",1982,10.7
"GBR",1983,11.5
"GBR",1984,11.8
"GBR",1985,11.4
"GBR",1986,11.3
"GBR",1987,10.4
"GBR",1988,8.6
"GBR",1989,7.2
"GBR",1990,7.1
"GBR",1991,8.9
"GBR",1992,10
"GBR",1993,10.4
"GBR",1994,9.5
"GBR",1995,8.6
"GBR",1996,8.1
"GBR",1997,7
"GBR",1998,6.3
"GBR",1999,6
"GBR",2000,5.5
"GBR",2001,5.1
"GBR",2002,5.2
"GBR",2003,5
"GBR",2004,4.8
"GBR",2005,4.8
"GBR",2006,5.4
"GBR",2007,5.4
"GBR",2008,5.7
"GBR",2009,7.6
"GBR",2010,7.9
"GBR",2011,8.1
"GBR",2012,8
"GBR",2013,7.6
"GBR",2014,6.2
"GBR",2015,5.4
"GBR",2016,5
"GBR",2017,4.5
"GBR",2018,4.2
"GBR",2019,3.9
"GBR",2020,4.7
"GBR",2021,4.6
"GBR",2022,3.9
"GBR",2023,4
"GBR",2024,4.3
"GBR",2025,4.1
"GBR",2026,4
"GBR",2027,4
"GBR",2028,4
"GBR",2029,4
"USA",1980,7.2
"USA",1981,7.6
"USA",1982,9.7
"USA",1983,9.6
"USA",1984,7.5
"USA",1985,7.2
"USA",1986,7
"USA",1987,6.2
"USA",1988,5.5
"USA",1989,5.3
"USA",1990,5.6
"USA",1991,6.9
"USA",1992,7.5
"USA",1993,6.9
"USA",1994,6.1
"USA",1995,5.6
"USA",1996,5.4
"USA",1997,4.9
"USA",1998,4.5
"USA",1999,4.2
"USA",2000,4
"USA",2001,4.7
"USA",2002,5.8
"USA",2003,6
"USA",2004,5.5
"USA",2005,5.1
"USA",2006,4.6
"USA",2007,4.6
"USA",2008,5.8
"USA",2009,9.3
"USA",2010,9.6
"USA",2011,8.9
"USA",2012,8.1
"USA",2013,7.4
"USA",2014,6.2
"USA",2015,5.3
"USA",2016,4.9
"USA",2017,4.4
"USA",2018,3.9
"USA",2019,3.7
"USA",2020,8.1
"USA",2021,5.4
"USA",2022,3.6
"USA",2023,3.6
"USA",2024,4.1
"USA",2025,4.4
"USA",2026,4.3
"USA",2027,4.2
"USA",2028,4
"USA",2029,4
"URY",1983,14.5
"URY",1984,14
"URY",1985,13.1
"URY",1986,10.1
"URY",1987,9.1
"URY",1988,8.6
"URY",1989,8
"URY",1990,8.5
"URY",1991,8.9
"URY",1992,9
"URY",1993,8.3
"URY",1994,9.2
"URY",1995,10.3
"URY",1996,11.9
"URY",1997,11.6
"URY",1998,10.1
"URY",1999,11.2
"URY",2000,13.4
"URY",2001,15.2
"URY",2002,16.8
"URY",2003,17.2
"URY",2004,13.3
"URY",2005,12.1
"URY",2006,10.8
"URY",2007,9.4
"URY",2008,7.9
"URY",2009,7.8
"URY",2010,7
"URY",2011,6.3
"URY",2012,6.3
"URY",2013,6.5
"URY",2014,6.6
"URY",2015,7.5
"URY",2016,7.9
"URY",2017,7.9
"URY",2018,8.4
"URY",2019,8.9
"URY",2020,10.4
"URY",2021,9.4
"URY",2022,7.9
"URY",2023,8.3
"URY",2024,8.4
"URY",2025,8
"URY",2026,8
"URY",2027,8
"URY",2028,8
"URY",2029,8
"UZB",2002,5.2
"UZB",2003,4.9
"UZB",2004,3.6
"UZB",2005,3
"UZB",2006,5.2
"UZB",2007,5
"UZB",2008,4.9
"UZB",2009,5
"UZB",2010,5.4
"UZB",2011,5
"UZB",2012,4.9
"UZB",2013,4.9
"UZB",2014,5.1
"UZB",2015,5.2
"UZB",2016,5.2
"UZB",2017,5.8
"UZB",2018,9.3
"UZB",2019,9
"UZB",2020,10.5
"UZB",2021,9.6
"UZB",2022,8.9
"UZB",2023,6.8
"UZB",2024,6.3
"UZB",2025,5.8
"UZB",2026,5.3
"UZB",2027,4.8
"UZB",2028,4.3
"UZB",2029,3.8
"VEN",1999,14.5
"VEN",2000,14
"VEN",2001,13.4
"VEN",2002,16
"VEN",2003,18.2
"VEN",2004,15.1
"VEN",2005,12.2
"VEN",2006,10
"VEN",2007,8.5
"VEN",2008,7.4
"VEN",2009,7.9
"VEN",2010,8.5
"VEN",2011,8.2
"VEN",2012,7.8
"VEN",2013,7.5
"VEN",2014,8
"VEN",2015,12.5
"VEN",2016,20.9
"VEN",2017,27.9
"VEN",2018,35.6
"VNM",1990,12.3
"VNM",1991,10.4
"VNM",1992,11
"VNM",1993,10.6
"VNM",1994,10.3
"VNM",1995,5.8
"VNM",1996,5.9
"VNM",1997,6
"VNM",1998,6.9
"VNM",1999,6.7
"VNM",2000,6.4
"VNM",2001,6.3
"VNM",2002,6
"VNM",2003,5.8
"VNM",2004,5.6
"VNM",2005,5.3
"VNM",2006,4.8
"VNM",2007,4.6
"VNM",2008,2.4
"VNM",2009,2.9
"VNM",2010,2.9
"VNM",2011,2.2
"VNM",2012,2
"VNM",2013,2.2
"VNM",2014,2.1
"VNM",2015,2.3
"VNM",2016,2.3
"VNM",2017,2.2
"VNM",2018,2.2
"VNM",2019,2.2
"VNM",2020,2.5
"VNM",2021,3.2
"VNM",2022,2.3
"VNM",2023,2
"VNM",2024,2.1
"VNM",2025,2
"VNM",2026,2
"VNM",2027,2
"VNM",2028,1.9
"VNM",2029,1.9
